Data de Criação,Data de Vencimento,Data do Pagamento,Descrição,Valor,Método de Pagamento,Taxa,Valor Pago,Pago,Categoria,Cliente,Tipo,Observação,Usuário,Usuário do Pagamento
05/06/2026,05/06/2026,05/06/2026,#459 - Pix,200.0,Pix,0.0,200.0,Sim,Pedido,Cliente 29,Receita,,,
05/06/2026,05/06/2026,05/06/2026,#458 - Pix,380.0,Pix,0.0,380.0,Sim,Pedido,Cliente 28,Receita,,,
04/06/2026,04/06/2026,04/06/2026,#457 - Pix,200.0,Pix,0.0,200.0,Sim,Pedido,Cliente 03,Receita,,,
04/06/2026,04/06/2026,04/06/2026,#456 - Pix,200.0,Pix,0.0,200.0,Sim,Pedido,Cliente 28,Receita,,,
04/06/2026,04/06/2026,04/06/2026,#455 - Pix,200.0,Pix,0.0,200.0,Sim,Pedido,Cliente 77,Receita,,,
04/06/2026,04/06/2026,04/06/2026,#453 - Pix,200.0,Pix,0.0,200.0,Sim,Pedido,Cliente 27,Receita,,,
03/06/2026,03/06/2026,03/06/2026,#452 - Pix,380.0,Pix,0.0,380.0,Sim,Pedido,Cliente 20,Receita,,,
03/06/2026,03/06/2026,03/06/2026,#451 - Pix,100.0,Pix,0.0,100.0,Sim,Pedido,Cliente 69,Receita,,,
03/06/2026,03/06/2026,03/06/2026,#450 - Pix,200.0,Pix,0.0,200.0,Sim,Pedido,Cliente 53,Receita,,,
03/06/2026,03/06/2026,03/06/2026,#447 - Pix,350.0,Pix,0.0,350.0,Sim,Pedido,Cliente 18,Receita,,,
03/06/2026,03/06/2026,03/06/2026,#449 - Pix,200.0,Pix,0.0,200.0,Sim,Pedido,Cliente 47,Receita,,,
03/06/2026,03/06/2026,03/06/2026,#448 - Pix,650.0,Pix,0.0,650.0,Sim,Pedido,Cliente 76,Receita,,,
02/06/2026,02/06/2026,02/06/2026,#438 - Pix,200.0,Pix,0.0,200.0,Sim,Pedido,,Receita,,,
02/06/2026,02/06/2026,02/06/2026,#446 - Pix,380.0,Pix,0.0,380.0,Sim,Pedido,Cliente 91,Receita,,,
02/06/2026,02/06/2026,02/06/2026,#445 - Pix,200.0,Pix,0.0,200.0,Sim,Pedido,Cliente 48,Receita,,,
02/06/2026,02/06/2026,02/06/2026,#444 - Pix,200.0,Pix,0.0,200.0,Sim,Pedido,Cliente 104,Receita,,,
02/06/2026,02/06/2026,02/06/2026,#443 - Pix,200.0,Pix,0.0,200.0,Sim,Pedido,Cliente 77,Receita,,,
02/06/2026,02/06/2026,02/06/2026,#442 - Pix,380.0,Pix,0.0,380.0,Sim,Pedido,Cliente 15,Receita,,,
02/06/2026,02/06/2026,02/06/2026,#441 - Pix,400.0,Pix,0.0,400.0,Sim,Pedido,Cliente 83,Receita,,,
02/06/2026,02/06/2026,02/06/2026,#440 - Pix,400.0,Pix,0.0,400.0,Sim,Pedido,Cliente 101,Receita,,,
02/06/2026,02/06/2026,02/06/2026,#439 - Pix,400.0,Pix,0.0,400.0,Sim,Pedido,Cliente 80,Receita,,,
02/06/2026,02/06/2026,02/06/2026,#437 - Pix,200.0,Pix,0.0,200.0,Sim,Pedido,Cliente 62,Receita,,,
02/06/2026,02/06/2026,01/06/2026,#432 - Dinheiro,200.0,Dinheiro,0.0,200.0,Sim,Pedido,Cliente 67,Receita,,,
02/06/2026,02/06/2026,02/06/2026,#436 - Dinheiro,380.0,Dinheiro,0.0,380.0,Sim,Pedido,Cliente 67,Receita,,,
02/06/2026,02/06/2026,02/06/2026,Adição de Crédito,80.0,Pix,0.0,80.0,Sim,Conta do Cliente,Cliente 09,Receita,,,
02/06/2026,02/06/2026,02/06/2026,#435 - Pix,350.0,Pix,0.0,350.0,Sim,Pedido,Cliente 69,Receita,,,
02/06/2026,02/06/2026,02/06/2026,#435 - Dinheiro,250.0,Dinheiro,0.0,250.0,Sim,Pedido,Cliente 69,Receita,,,
02/06/2026,02/06/2026,01/06/2026,#433 - Pix,380.0,Pix,0.0,380.0,Sim,Pedido,Cliente 32,Receita,,,
02/06/2026,02/06/2026,02/06/2026,Adição de Crédito,150.0,Pix,0.0,150.0,Sim,Conta do Cliente,Cliente 69,Receita,,,
02/06/2026,02/06/2026,02/06/2026,Adição de Crédito,150.0,Pix,0.0,150.0,Sim,Conta do Cliente,Cliente 69,Receita,,,
02/06/2026,02/06/2026,02/06/2026,Adição de Crédito,250.0,Pix,0.0,250.0,Sim,Conta do Cliente,Cliente 11,Receita,,,
01/06/2026,01/06/2026,01/06/2026,#434 - Pix,200.0,Pix,0.0,200.0,Sim,Pedido,Cliente 14,Receita,,,
01/06/2026,01/06/2026,01/06/2026,#431 - Cartão de Crédito,200.0,Cartão de Crédito,0.0,200.0,Sim,Pedido,Cliente 71,Receita,,,
01/06/2026,01/06/2026,01/06/2026,#430 - Pix,200.0,Pix,0.0,200.0,Sim,Pedido,Cliente 15,Receita,,,
31/05/2026,31/05/2026,31/05/2026,#429 - Pix,380.0,Pix,0.0,380.0,Sim,Pedido,Cliente 56,Receita,,,
31/05/2026,31/05/2026,,#428,200.0,,0.0,0.0,Não,Pedido,Cliente 25,Receita,,,
31/05/2026,31/05/2026,31/05/2026,#427 - Pix,380.0,Pix,0.0,380.0,Sim,Pedido,Cliente 23,Receita,,,
30/05/2026,30/05/2026,30/05/2026,#426 - Pix,280.0,Pix,0.0,280.0,Sim,Pedido,Cliente 85,Receita,,,
30/05/2026,30/05/2026,30/05/2026,#425 - Pix,700.0,Pix,0.0,700.0,Sim,Pedido,Cliente 81,Receita,,,
30/05/2026,30/05/2026,30/05/2026,#424 - Dinheiro,380.0,Dinheiro,0.0,380.0,Sim,Pedido,Cliente 96,Receita,,,
30/05/2026,30/05/2026,30/05/2026,#423 - Pix,380.0,Pix,0.0,380.0,Sim,Pedido,Cliente 91,Receita,,,
29/05/2026,29/05/2026,29/05/2026,Adição de Crédito,200.0,Pix,0.0,200.0,Sim,Conta do Cliente,Cliente 29,Receita,,,
29/05/2026,29/05/2026,29/05/2026,#418 - Pix,350.0,Pix,0.0,350.0,Sim,Pedido,Cliente 69,Receita,,,
29/05/2026,29/05/2026,29/05/2026,#422 - Pix,380.0,Pix,0.0,380.0,Sim,Pedido,Cliente 80,Receita,,,
29/05/2026,29/05/2026,29/05/2026,#318 - Pix,190.0,Pix,0.0,190.0,Sim,Pedido,Cliente 61,Receita,,,
29/05/2026,29/05/2026,29/05/2026,#421 - Pix,240.0,Pix,0.0,240.0,Sim,Pedido,Cliente 53,Receita,,,
29/05/2026,29/05/2026,29/05/2026,#420 - Pix,200.0,Pix,0.0,200.0,Sim,Pedido,Cliente 03,Receita,,,
29/05/2026,29/05/2026,29/05/2026,#419 - Pix,400.0,Pix,0.0,400.0,Sim,Pedido,Cliente 59,Receita,,,
29/05/2026,29/05/2026,29/05/2026,#417 - Cartão de Crédito,1100.0,Cartão de Crédito,0.0,1100.0,Sim,Pedido,Cliente 86,Receita,,,
29/05/2026,29/05/2026,29/05/2026,#416 - Pix,380.0,Pix,0.0,380.0,Sim,Pedido,Cliente 90,Receita,,,
29/05/2026,29/05/2026,29/05/2026,#404 - Pix,300.0,Pix,0.0,300.0,Sim,Pedido,Cliente 80,Receita,,,
29/05/2026,29/05/2026,29/05/2026,#414 - Pix,380.0,Pix,0.0,380.0,Sim,Pedido,Cliente 18,Receita,,,
29/05/2026,29/05/2026,29/05/2026,#413 - Pix,200.0,Pix,0.0,200.0,Sim,Pedido,Cliente 15,Receita,,,
29/05/2026,29/05/2026,29/05/2026,#412 - Pix,300.0,Pix,0.0,300.0,Sim,Pedido,Cliente 69,Receita,,,
29/05/2026,29/05/2026,29/05/2026,#412 - Dinheiro,50.0,Dinheiro,0.0,50.0,Sim,Pedido,Cliente 69,Receita,,,
29/05/2026,29/05/2026,29/05/2026,#411 - Pix,200.0,Pix,0.0,200.0,Sim,Pedido,Cliente 25,Receita,,,
29/05/2026,29/05/2026,29/05/2026,#410 - Pix,450.0,Pix,0.0,450.0,Sim,Pedido,Cliente 28,Receita,,,
29/05/2026,29/05/2026,29/05/2026,#409 - Outro,590.0,Outro,0.0,590.0,Sim,Pedido,Cliente 14,Receita,,,
29/05/2026,29/05/2026,29/05/2026,#377 - Pix,300.0,Pix,0.0,300.0,Sim,Pedido,Cliente 44,Receita,,,
28/05/2026,28/05/2026,28/05/2026,#408 - Pix,410.0,Pix,0.0,410.0,Sim,Pedido,Cliente 32,Receita,,,
28/05/2026,28/05/2026,28/05/2026,#373 - Pix,380.0,Pix,0.0,380.0,Sim,Pedido,Cliente 18,Receita,,,
28/05/2026,28/05/2026,28/05/2026,#397 - Pix,140.0,Pix,0.0,140.0,Sim,Pedido,Cliente 48,Receita,,,
28/05/2026,28/05/2026,28/05/2026,#384 - Pix,200.0,Pix,0.0,200.0,Sim,Pedido,Cliente 08,Receita,,,
28/05/2026,28/05/2026,28/05/2026,#398 - Pix,350.0,Pix,0.0,350.0,Sim,Pedido,Cliente 69,Receita,,,
28/05/2026,28/05/2026,28/05/2026,#401 - Pix,220.0,Pix,0.0,220.0,Sim,Pedido,Cliente 61,Receita,,,
28/05/2026,28/05/2026,28/05/2026,#406 - Pix,300.0,Pix,0.0,300.0,Sim,Pedido,Cliente 52,Receita,,,
28/05/2026,28/05/2026,28/05/2026,#403 - Pix,220.0,Pix,0.0,220.0,Sim,Pedido,Cliente 33,Receita,,,
28/05/2026,28/05/2026,28/05/2026,#399 - Pix,1500.0,Pix,0.0,1500.0,Sim,Pedido,Cliente 105,Receita,,,
28/05/2026,28/05/2026,28/05/2026,#396 - Pix,380.0,Pix,0.0,380.0,Sim,Pedido,Cliente 62,Receita,,,
28/05/2026,28/05/2026,28/05/2026,#395 - Pix,410.0,Pix,0.0,410.0,Sim,Pedido,Cliente 27,Receita,,,
28/05/2026,28/05/2026,28/05/2026,#394 - Pix,310.0,Pix,0.0,310.0,Sim,Pedido,Cliente 80,Receita,,,
28/05/2026,28/05/2026,28/05/2026,#393 - Pix,390.0,Pix,0.0,390.0,Sim,Pedido,Cliente 102,Receita,,,
28/05/2026,28/05/2026,27/05/2026,#382 - Pix,300.0,Pix,0.0,300.0,Sim,Pedido,Cliente 20,Receita,,,
28/05/2026,28/05/2026,28/05/2026,#376 - Dinheiro,650.0,Dinheiro,0.0,650.0,Sim,Pedido,Cliente 76,Receita,,,
28/05/2026,28/05/2026,28/05/2026,#405 - Pix,430.0,Pix,0.0,430.0,Sim,Pedido,Cliente 48,Receita,,,
27/05/2026,27/05/2026,27/05/2026,#380 - Pix,208.0,Pix,0.0,208.0,Sim,Pedido,Cliente 45,Receita,,,
27/05/2026,27/05/2026,27/05/2026,#381 - Pix,200.0,Pix,0.0,200.0,Sim,Pedido,Cliente 54,Receita,,,
27/05/2026,27/05/2026,27/05/2026,#379 - Pix,80.0,Pix,0.0,80.0,Sim,Pedido,Cliente 19,Receita,,,
27/05/2026,27/05/2026,27/05/2026,#378 - Pix,180.0,Pix,0.0,180.0,Sim,Pedido,Cliente 45,Receita,,,
27/05/2026,27/05/2026,27/05/2026,#378 - Dinheiro,20.0,Dinheiro,0.0,20.0,Sim,Pedido,Cliente 45,Receita,,,
27/05/2026,27/05/2026,27/05/2026,#375 - Pix,380.0,Pix,0.0,380.0,Sim,Pedido,Cliente 32,Receita,,,
27/05/2026,27/05/2026,27/05/2026,#374 - Pix,140.0,Pix,0.0,140.0,Sim,Pedido,Cliente 36,Receita,,,
27/05/2026,27/05/2026,27/05/2026,#372 - Pix,120.0,Pix,0.0,120.0,Sim,Pedido,Cliente 20,Receita,,,
27/05/2026,27/05/2026,,#386,200.0,,0.0,0.0,Não,Pedido,Cliente 19,Receita,,,
28/05/2026,27/05/2026,28/05/2026,#392 - Pix,380.0,Pix,0.0,380.0,Sim,Pedido,Cliente 105,Receita,,,
28/05/2026,27/05/2026,28/05/2026,#402 - Pix,300.0,Pix,0.0,300.0,Sim,Pedido,Cliente 66,Receita,,,
28/05/2026,27/05/2026,28/05/2026,#390 - Pix,300.0,Pix,0.0,300.0,Sim,Pedido,Cliente 20,Receita,,,
28/05/2026,27/05/2026,28/05/2026,#400 - Pix,430.0,Pix,0.0,430.0,Sim,Pedido,Cliente 48,Receita,,,
28/05/2026,27/05/2026,28/05/2026,#389 - Pix,380.0,Pix,0.0,380.0,Sim,Pedido,Cliente 56,Receita,,,
28/05/2026,27/05/2026,28/05/2026,#383 - Pix,100.0,Pix,0.0,100.0,Sim,Pedido,Cliente 26,Receita,,,
28/05/2026,27/05/2026,28/05/2026,#407 - Pix,380.0,Pix,0.0,380.0,Sim,Pedido,Cliente 74,Receita,,,
28/05/2026,27/05/2026,28/05/2026,#387 - Pix,380.0,Pix,0.0,380.0,Sim,Pedido,Cliente 32,Receita,,,
28/05/2026,27/05/2026,28/05/2026,#388 - Pix,200.0,Pix,0.0,200.0,Sim,Pedido,Cliente 53,Receita,,,
28/05/2026,27/05/2026,27/05/2026,#383 - Dinheiro,300.0,Dinheiro,0.0,300.0,Sim,Pedido,Cliente 26,Receita,,,
28/05/2026,27/05/2026,28/05/2026,#391 - Pix,220.0,Pix,0.0,220.0,Sim,Pedido,Cliente 22,Receita,,,
26/05/2026,26/05/2026,26/05/2026,#372 - Dinheiro,100.0,Dinheiro,0.0,100.0,Sim,Pedido,Cliente 20,Receita,,,
26/05/2026,26/05/2026,26/05/2026,#371 - Pix,150.0,Pix,0.0,150.0,Sim,Pedido,Cliente 19,Receita,,,
25/05/2026,25/05/2026,25/05/2026,#370 - Pix,150.0,Pix,0.0,150.0,Sim,Pedido,Cliente 68,Receita,,,
25/05/2026,25/05/2026,25/05/2026,#369 - Dinheiro,250.0,Dinheiro,0.0,250.0,Sim,Pedido,Cliente 69,Receita,,,
25/05/2026,25/05/2026,25/05/2026,#369 - Pix,110.0,Pix,0.0,110.0,Sim,Pedido,Cliente 69,Receita,,,
25/05/2026,25/05/2026,25/05/2026,#368 - Dinheiro,30.0,Dinheiro,0.0,30.0,Sim,Pedido,Cliente 86,Receita,,,
25/05/2026,25/05/2026,25/05/2026,#368 - Pix,300.0,Pix,0.0,300.0,Sim,Pedido,Cliente 86,Receita,,,
25/05/2026,25/05/2026,25/05/2026,#368 - Dinheiro,50.0,Dinheiro,0.0,50.0,Sim,Pedido,Cliente 86,Receita,,,
24/05/2026,24/05/2026,24/05/2026,#366 - Pix,380.0,Pix,0.0,380.0,Sim,Pedido,Cliente 24,Receita,,,
24/05/2026,24/05/2026,24/05/2026,#365 - Dinheiro,380.0,Dinheiro,0.0,380.0,Sim,Pedido,Cliente 12,Receita,,,
24/05/2026,24/05/2026,24/05/2026,#364 - Dinheiro,450.0,Dinheiro,0.0,450.0,Sim,Pedido,Cliente 94,Receita,,,
24/05/2026,24/05/2026,24/05/2026,#364 - Pix,240.0,Pix,0.0,240.0,Sim,Pedido,Cliente 94,Receita,,,
24/05/2026,24/05/2026,24/05/2026,#362 - Pix,200.0,Pix,0.0,200.0,Sim,Pedido,Cliente 29,Receita,,,
24/05/2026,24/05/2026,24/05/2026,#363 - Pix,380.0,Pix,0.0,380.0,Sim,Pedido,Cliente 29,Receita,,,
24/05/2026,24/05/2026,21/05/2026,#349 - Pix,380.0,Pix,0.0,380.0,Sim,Pedido,Cliente 93,Receita,,,
24/05/2026,24/05/2026,21/05/2026,#348 - Pix,290.0,Pix,0.0,290.0,Sim,Pedido,Cliente 102,Receita,,,
24/05/2026,24/05/2026,24/05/2026,#345 - Pix,330.0,Pix,0.0,330.0,Sim,Pedido,Cliente 36,Receita,,,
24/05/2026,23/05/2026,24/05/2026,#359 - Pix,380.0,Pix,0.0,380.0,Sim,Pedido,Cliente 52,Receita,,,
24/05/2026,23/05/2026,24/05/2026,#344 - Dinheiro,350.0,Dinheiro,0.0,350.0,Sim,Pedido,Cliente 86,Receita,,,
24/05/2026,23/05/2026,24/05/2026,#361 - Pix,380.0,Pix,0.0,380.0,Sim,Pedido,Cliente 20,Receita,,,
24/05/2026,23/05/2026,24/05/2026,#360 - Pix,80.0,Pix,0.0,80.0,Sim,Pedido,Cliente 36,Receita,,,
24/05/2026,22/05/2026,24/05/2026,#354 - Pix,80.0,Pix,0.0,80.0,Sim,Pedido,Cliente 40,Receita,,,
24/05/2026,22/05/2026,24/05/2026,#355 - Pix,200.0,Pix,0.0,200.0,Sim,Pedido,Cliente 08,Receita,,,
24/05/2026,22/05/2026,22/05/2026,#350 - Pix,760.0,Pix,0.0,760.0,Sim,Pedido,Cliente 81,Receita,,,
24/05/2026,22/05/2026,24/05/2026,#351 - Pix,400.0,Pix,0.0,400.0,Sim,Pedido,Cliente 44,Receita,,,
24/05/2026,22/05/2026,24/05/2026,#353 - Pix,380.0,Pix,0.0,380.0,Sim,Pedido,Cliente 53,Receita,,,
24/05/2026,22/05/2026,24/05/2026,#358 - Pix,100.0,Pix,0.0,100.0,Sim,Pedido,Cliente 44,Receita,,,
24/05/2026,22/05/2026,22/05/2026,#357 - Dinheiro,200.0,Dinheiro,0.0,200.0,Sim,Pedido,Cliente 14,Receita,,,
24/05/2026,22/05/2026,24/05/2026,#352 - Pix,200.0,Pix,0.0,200.0,Sim,Pedido,Cliente 29,Receita,,,
24/05/2026,22/05/2026,24/05/2026,#356 - Pix,580.0,Pix,0.0,580.0,Sim,Pedido,Cliente 98,Receita,,,
24/05/2026,21/05/2026,21/05/2026,#347 - Pix,580.0,Pix,0.0,580.0,Sim,Pedido,Cliente 60,Receita,,,
24/05/2026,21/05/2026,21/05/2026,#346 - Pix,380.0,Pix,0.0,380.0,Sim,Pedido,Cliente 90,Receita,,,
19/05/2026,19/05/2026,19/05/2026,#342 - Pix,320.0,Pix,0.0,320.0,Sim,Pedido,Cliente 19,Receita,,,
18/05/2026,18/05/2026,18/05/2026,#341 - Pix,400.0,Pix,0.0,400.0,Sim,Pedido,Cliente 56,Receita,,,
18/05/2026,18/05/2026,18/05/2026,#340 - Pix,400.0,Pix,0.0,400.0,Sim,Pedido,Cliente 90,Receita,,,
18/05/2026,18/05/2026,18/05/2026,#339 - Pix,400.0,Pix,0.0,400.0,Sim,Pedido,Cliente 80,Receita,,,
18/05/2026,18/05/2026,18/05/2026,#331 - Pix,15.0,Pix,0.0,15.0,Sim,Pedido,Cliente 94,Receita,,,
18/05/2026,18/05/2026,18/05/2026,#333 - Pix,200.0,Pix,0.0,200.0,Sim,Pedido,Cliente 79,Receita,,,
18/05/2026,18/05/2026,18/05/2026,#337 - Pix,100.0,Pix,0.0,100.0,Sim,Pedido,,Receita,,,
18/05/2026,18/05/2026,18/05/2026,#336 - Dinheiro,0.01,Dinheiro,0.0,0.01,Sim,Pedido,Cliente 46,Receita,,,
18/05/2026,18/05/2026,18/05/2026,#335 - Pix,200.0,Pix,0.0,200.0,Sim,Pedido,Cliente 13,Receita,,,
18/05/2026,18/05/2026,18/05/2026,Benzemar,3900.0,,0.0,3900.0,Sim,Fornecedor,,Despesa,,,
18/05/2026,18/05/2026,18/05/2026,Recarga pay,1105.34,,0.0,1105.34,Sim,,,Despesa,,,
18/05/2026,18/05/2026,18/05/2026,#338 - Pix,380.0,Pix,0.0,380.0,Sim,Pedido,Cliente 13,Receita,,,
17/05/2026,17/05/2026,17/05/2026,#332 - Cartão de Crédito,200.0,Cartão de Crédito,0.0,200.0,Sim,Pedido,Cliente 27,Receita,,,
17/05/2026,17/05/2026,17/05/2026,#331 - Pix,210.0,Pix,0.0,210.0,Sim,Pedido,Cliente 94,Receita,,,
17/05/2026,17/05/2026,17/05/2026,#330 - Dinheiro,200.0,Dinheiro,0.0,200.0,Sim,Pedido,Cliente 99,Receita,,,
17/05/2026,17/05/2026,17/05/2026,#328 - Pix,205.0,Pix,0.0,205.0,Sim,Pedido,Cliente 57,Receita,,,
17/05/2026,17/05/2026,17/05/2026,#327 - Pix,450.0,Pix,0.0,450.0,Sim,Pedido,Cliente 46,Receita,,,
17/05/2026,17/05/2026,17/05/2026,#326 - Pix,200.0,Pix,0.0,200.0,Sim,Pedido,Cliente 29,Receita,,,
17/05/2026,17/05/2026,17/05/2026,#325 - Dinheiro,200.0,Dinheiro,0.0,200.0,Sim,Pedido,Cliente 42,Receita,,,
17/05/2026,17/05/2026,17/05/2026,#324 - Pix,380.0,Pix,0.0,380.0,Sim,Pedido,Cliente 80,Receita,,,
17/05/2026,17/05/2026,17/05/2026,#319 - Pix,380.0,Pix,0.0,380.0,Sim,Pedido,Cliente 49,Receita,,,
17/05/2026,17/05/2026,17/05/2026,#323 - Pix,145.0,Pix,0.0,145.0,Sim,Pedido,Cliente 28,Receita,,,
17/05/2026,17/05/2026,17/05/2026,#321 - Pix,210.0,Pix,0.0,210.0,Sim,Pedido,Cliente 56,Receita,,,
16/05/2026,16/05/2026,16/05/2026,#316 - Pix,380.0,Pix,0.0,380.0,Sim,Pedido,Cliente 29,Receita,,,
16/05/2026,16/05/2026,16/05/2026,#317 - Pix,210.0,Pix,0.0,210.0,Sim,Pedido,Cliente 21,Receita,,,
16/05/2026,16/05/2026,16/05/2026,#315 - Pix,380.0,Pix,0.0,380.0,Sim,Pedido,Cliente 02,Receita,,,
16/05/2026,16/05/2026,16/05/2026,#318 - Pix,190.0,Pix,0.0,190.0,Sim,Pedido,Cliente 61,Receita,,,
16/05/2026,16/05/2026,16/05/2026,#314 - Pix,380.0,Pix,0.0,380.0,Sim,Pedido,Cliente 16,Receita,,,
16/05/2026,16/05/2026,16/05/2026,#312 - Pix,290.0,Pix,0.0,290.0,Sim,Pedido,Cliente 19,Receita,,,
16/05/2026,16/05/2026,16/05/2026,#313 - Pix,168.0,Pix,0.0,168.0,Sim,Pedido,Cliente 99,Receita,,,
16/05/2026,16/05/2026,16/05/2026,#311 - Pix,200.0,Pix,0.0,200.0,Sim,Pedido,Cliente 28,Receita,,,
16/05/2026,16/05/2026,16/05/2026,#309 - Pix,200.0,Pix,0.0,200.0,Sim,Pedido,Cliente 28,Receita,,,
16/05/2026,16/05/2026,16/05/2026,#291 - Pix,200.0,Pix,0.0,200.0,Sim,Pedido,Cliente 28,Receita,,,
16/05/2026,16/05/2026,16/05/2026,Voo rio,669.27,Cartão de Crédito,0.0,669.27,Sim,,,Despesa,,,
16/05/2026,16/05/2026,16/05/2026,Voo sp,590.87,,0.0,590.87,Sim,,,Despesa,,,
16/05/2026,16/05/2026,16/05/2026,#308 - Pix,210.0,Pix,0.0,210.0,Sim,Pedido,Cliente 64,Receita,,,
16/05/2026,16/05/2026,16/05/2026,#306 - Pix,220.0,Pix,0.0,220.0,Sim,Pedido,Cliente 50,Receita,,,
16/05/2026,16/05/2026,16/05/2026,#305 - Pix,350.0,Pix,0.0,350.0,Sim,Pedido,Cliente 31,Receita,,,
16/05/2026,16/05/2026,16/05/2026,#304 - Pix,365.0,Pix,0.0,365.0,Sim,Pedido,Cliente 28,Receita,,,
16/05/2026,16/05/2026,16/05/2026,Cartão mae,6700.0,,0.0,6700.0,Sim,,,Despesa,,,
16/05/2026,16/05/2026,16/05/2026,Juros caixinha,480.0,,0.0,480.0,Sim,,,Despesa,,,
16/05/2026,16/05/2026,16/05/2026,Aluguel,500.0,Dinheiro,0.0,500.0,Sim,,,Despesa,,,
16/05/2026,16/05/2026,16/05/2026,#303 - Dinheiro,100.0,Dinheiro,0.0,100.0,Sim,Pedido,Cliente 99,Receita,,,
17/05/2026,16/05/2026,16/05/2026,#322 - Pix,380.0,Pix,0.0,380.0,Sim,Pedido,Cliente 80,Receita,,,
15/05/2026,15/05/2026,15/05/2026,#301 - Pix,210.0,Pix,0.0,210.0,Sim,Pedido,Cliente 20,Receita,,,
16/05/2026,15/05/2026,15/05/2026,#296 - Pix,40.0,Pix,0.0,40.0,Sim,Pedido,Cliente 43,Receita,,,
15/05/2026,15/05/2026,15/05/2026,#295 - Pix,290.0,Pix,0.0,290.0,Sim,Pedido,Cliente 29,Receita,,,
16/05/2026,15/05/2026,15/05/2026,#299 - Pix,450.0,Pix,0.0,450.0,Sim,Pedido,Cliente 97,Receita,,,
16/05/2026,15/05/2026,15/05/2026,#297 - Pix,380.0,Pix,0.0,380.0,Sim,Pedido,Cliente 80,Receita,,,
16/05/2026,15/05/2026,15/05/2026,#293 - Pix,80.0,Pix,0.0,80.0,Sim,Pedido,Cliente 97,Receita,,,
16/05/2026,15/05/2026,15/05/2026,#302 - Pix,200.0,Pix,0.0,200.0,Sim,Pedido,Cliente 67,Receita,,,
16/05/2026,15/05/2026,15/05/2026,#310 - Pix,380.0,Pix,0.0,380.0,Sim,Pedido,Cliente 91,Receita,,,
16/05/2026,15/05/2026,15/05/2026,#294 - Pix,380.0,Pix,0.0,380.0,Sim,Pedido,Cliente 51,Receita,,,
16/05/2026,15/05/2026,15/05/2026,#300 - Pix,380.0,Pix,0.0,380.0,Sim,Pedido,Cliente 44,Receita,,,
16/05/2026,15/05/2026,15/05/2026,#307 - Pix,200.0,Pix,0.0,200.0,Sim,Pedido,Cliente 64,Receita,,,
14/05/2026,14/05/2026,14/05/2026,#292 - Dinheiro,200.0,Dinheiro,0.0,200.0,Sim,Pedido,Cliente 67,Receita,,,
14/05/2026,14/05/2026,14/05/2026,#290 - Pix,210.0,Pix,0.0,210.0,Sim,Pedido,Cliente 04,Receita,,,
14/05/2026,14/05/2026,14/05/2026,#289 - Pix,380.0,Pix,0.0,380.0,Sim,Pedido,Cliente 19,Receita,,,
14/05/2026,14/05/2026,14/05/2026,#288 - Pix,210.0,Pix,0.0,210.0,Sim,Pedido,Cliente 82,Receita,,,
16/05/2026,14/05/2026,14/05/2026,#298 - Pix,210.0,Pix,0.0,210.0,Sim,Pedido,Cliente 49,Receita,,,
13/05/2026,13/05/2026,13/05/2026,#287 - Pix,210.0,Pix,0.0,210.0,Sim,Pedido,Cliente 54,Receita,,,
13/05/2026,13/05/2026,13/05/2026,#262 - Pix,200.0,Pix,0.0,200.0,Sim,Pedido,Cliente 11,Receita,,,
13/05/2026,13/05/2026,13/05/2026,#286 - Pix,150.0,Pix,0.0,150.0,Sim,Pedido,Cliente 11,Receita,,,
13/05/2026,13/05/2026,13/05/2026,#285 - Dinheiro,260.0,Dinheiro,0.0,260.0,Sim,Pedido,Cliente 84,Receita,,,
13/05/2026,13/05/2026,13/05/2026,#284 - Cartão de Crédito,150.0,Cartão de Crédito,0.0,150.0,Sim,Pedido,Cliente 27,Receita,,,
13/05/2026,13/05/2026,13/05/2026,Adição de Crédito,40.0,Dinheiro,0.0,40.0,Sim,Conta do Cliente,Cliente 84,Receita,,,
13/05/2026,13/05/2026,13/05/2026,#283 - Pix,400.0,Pix,0.0,400.0,Sim,Pedido,Cliente 20,Receita,,,
13/05/2026,13/05/2026,13/05/2026,#282 - Pix,210.0,Pix,0.0,210.0,Sim,Pedido,Cliente 36,Receita,,,
13/05/2026,13/05/2026,13/05/2026,#281 - Pix,210.0,Pix,0.0,210.0,Sim,Pedido,Cliente 90,Receita,,,
13/05/2026,13/05/2026,13/05/2026,#280 - Dinheiro,0.0,Dinheiro,0.0,0.0,Sim,Pedido,Cliente 29,Receita,,,
12/05/2026,12/05/2026,12/05/2026,#278 - Pix,450.0,Pix,0.0,450.0,Sim,Pedido,Cliente 57,Receita,,,
12/05/2026,12/05/2026,12/05/2026,#277 - Dinheiro,300.0,Dinheiro,0.0,300.0,Sim,Pedido,Cliente 19,Receita,,,
12/05/2026,12/05/2026,12/05/2026,#279 - Pix,455.0,Pix,0.0,455.0,Sim,Pedido,Cliente 29,Receita,,,
12/05/2026,12/05/2026,12/05/2026,#275 - Pix,210.0,Pix,0.0,210.0,Sim,Pedido,Cliente 36,Receita,,,
12/05/2026,12/05/2026,12/05/2026,#274 - Pix,225.0,Pix,0.0,225.0,Sim,Pedido,Cliente 104,Receita,,,
12/05/2026,12/05/2026,12/05/2026,#273 - Pix,210.0,Pix,0.0,210.0,Sim,Pedido,Cliente 103,Receita,,,
16/05/2026,12/05/2026,12/05/2026,#276 - Pix,210.0,Pix,0.0,210.0,Sim,Pedido,Cliente 04,Receita,,,
11/05/2026,11/05/2026,11/05/2026,#272 - Dinheiro,100.0,Dinheiro,0.0,100.0,Sim,Pedido,Cliente 26,Receita,,,
11/05/2026,11/05/2026,11/05/2026,#271 - Pix,165.0,Pix,0.0,165.0,Sim,Pedido,Cliente 69,Receita,,,
11/05/2026,11/05/2026,11/05/2026,#270 - Dinheiro,200.0,Dinheiro,0.0,200.0,Sim,Pedido,Cliente 84,Receita,,,
11/05/2026,11/05/2026,11/05/2026,#269 - Pix,210.0,Pix,0.0,210.0,Sim,Pedido,Cliente 29,Receita,,,
11/05/2026,11/05/2026,11/05/2026,#268 - Pix,380.0,Pix,0.0,380.0,Sim,Pedido,Cliente 80,Receita,,,
11/05/2026,11/05/2026,11/05/2026,#267 - Pix,200.0,Pix,0.0,200.0,Sim,Pedido,Cliente 62,Receita,,,
11/05/2026,11/05/2026,11/05/2026,#266 - Pix,380.0,Pix,0.0,380.0,Sim,Pedido,Cliente 101,Receita,,,
11/05/2026,11/05/2026,11/05/2026,30 benzemar,3900.0,Pix,0.0,3900.0,Sim,Fornecedor,,Despesa,,,
10/05/2026,10/05/2026,10/05/2026,#265 - Pix,210.0,Pix,0.0,210.0,Sim,Pedido,Cliente 14,Receita,,,
10/05/2026,10/05/2026,10/05/2026,T jose,100.0,,0.0,100.0,Sim,,,Receita,,,
10/05/2026,10/05/2026,10/05/2026,#264 - Pix,500.0,Pix,0.0,500.0,Sim,Pedido,Cliente 41,Receita,,,
10/05/2026,10/05/2026,10/05/2026,#263 - Pix,210.0,Pix,0.0,210.0,Sim,Pedido,Cliente 01,Receita,,,
10/05/2026,10/05/2026,10/05/2026,#261 - Pix,200.0,Pix,0.0,200.0,Sim,Pedido,Cliente 45,Receita,,,
10/05/2026,10/05/2026,10/05/2026,#260 - Pix,380.0,Pix,0.0,380.0,Sim,Pedido,Cliente 49,Receita,,,
10/05/2026,10/05/2026,10/05/2026,#259 - Pix,200.0,Pix,0.0,200.0,Sim,Pedido,Cliente 25,Receita,,,
10/05/2026,10/05/2026,10/05/2026,#258 - Pix,380.0,Pix,0.0,380.0,Sim,Pedido,Cliente 29,Receita,,,
10/05/2026,10/05/2026,10/05/2026,#257 - Pix,380.0,Pix,0.0,380.0,Sim,Pedido,Cliente 53,Receita,,,
10/05/2026,10/05/2026,10/05/2026,#256 - Dinheiro,0.01,Dinheiro,0.0,0.01,Sim,Pedido,Cliente 28,Receita,,,
10/05/2026,10/05/2026,10/05/2026,#255 - Pix,200.0,Pix,0.0,200.0,Sim,Pedido,Cliente 35,Receita,,,
10/05/2026,10/05/2026,10/05/2026,#254 - Pix,215.0,Pix,0.0,215.0,Sim,Pedido,Cliente 53,Receita,,,
10/05/2026,10/05/2026,10/05/2026,#253 - Pix,190.0,Pix,0.0,190.0,Sim,Pedido,Cliente 01,Receita,,,
09/05/2026,09/05/2026,09/05/2026,#252 - Pix,124.0,Pix,0.0,124.0,Sim,Pedido,Cliente 102,Receita,,,
09/05/2026,09/05/2026,09/05/2026,#251 - Pix,380.0,Pix,0.0,380.0,Sim,Pedido,Cliente 29,Receita,,,
09/05/2026,09/05/2026,09/05/2026,#250 - Pix,200.0,Pix,0.0,200.0,Sim,Pedido,Cliente 36,Receita,,,
09/05/2026,09/05/2026,09/05/2026,#246 - Pix,380.0,Pix,0.0,380.0,Sim,Pedido,Cliente 38,Receita,,,
09/05/2026,09/05/2026,09/05/2026,#248 - Pix,210.0,Pix,0.0,210.0,Sim,Pedido,Cliente 94,Receita,,,
09/05/2026,09/05/2026,09/05/2026,#247 - Pix,380.0,Pix,0.0,380.0,Sim,Pedido,Cliente 20,Receita,,,
09/05/2026,09/05/2026,09/05/2026,#249 - Pix,380.0,Pix,0.0,380.0,Sim,Pedido,Cliente 91,Receita,,,
09/05/2026,09/05/2026,09/05/2026,Adição de Crédito,795.0,Dinheiro,0.0,795.0,Sim,Conta do Cliente,Cliente 28,Receita,,,
09/05/2026,09/05/2026,09/05/2026,Adição de Crédito,30.0,Pix,0.0,30.0,Sim,Conta do Cliente,Cliente 20,Receita,,,
09/05/2026,09/05/2026,09/05/2026,#244 - Pix,150.0,Pix,0.0,150.0,Sim,Pedido,,Receita,,,
09/05/2026,09/05/2026,09/05/2026,#243 - Pix,210.0,Pix,0.0,210.0,Sim,Pedido,,Receita,,,
09/05/2026,09/05/2026,09/05/2026,#242 - Pix,210.0,Pix,0.0,210.0,Sim,Pedido,Cliente 11,Receita,,,
09/05/2026,09/05/2026,09/05/2026,#240 - Dinheiro,450.0,Dinheiro,0.0,450.0,Sim,Pedido,Cliente 74,Receita,,,
08/05/2026,08/05/2026,08/05/2026,#239 - Pix,380.0,Pix,0.0,380.0,Sim,Pedido,Cliente 56,Receita,,,
08/05/2026,08/05/2026,08/05/2026,#238 - Pix,210.0,Pix,0.0,210.0,Sim,Pedido,Cliente 66,Receita,,,
08/05/2026,08/05/2026,08/05/2026,#237 - Pix,760.0,Pix,0.0,760.0,Sim,Pedido,Cliente 34,Receita,,,
08/05/2026,08/05/2026,08/05/2026,#236 - Pix,410.0,Pix,0.0,410.0,Sim,Pedido,Cliente 29,Receita,,,
08/05/2026,08/05/2026,08/05/2026,#235 - Pix,210.0,Pix,0.0,210.0,Sim,Pedido,Cliente 34,Receita,,,
08/05/2026,08/05/2026,08/05/2026,Aluguel AN 4 diárias,680.0,Dinheiro,0.0,680.0,Sim,,,Despesa,,,
08/05/2026,08/05/2026,08/05/2026,#234 - Dinheiro,450.0,Dinheiro,0.0,450.0,Sim,Pedido,Cliente 20,Receita,,,
08/05/2026,08/05/2026,08/05/2026,#233 - Pix,100.0,Pix,0.0,100.0,Sim,Pedido,Cliente 08,Receita,,,
08/05/2026,08/05/2026,08/05/2026,#232 - Pix,380.0,Pix,0.0,380.0,Sim,Pedido,Cliente 11,Receita,,,
08/05/2026,08/05/2026,08/05/2026,#231 - Pix,210.0,Pix,0.0,210.0,Sim,Pedido,Cliente 44,Receita,,,
08/05/2026,08/05/2026,08/05/2026,#230 - Pix,380.0,Pix,0.0,380.0,Sim,Pedido,Cliente 90,Receita,,,
08/05/2026,08/05/2026,08/05/2026,Marvin,4800.0,,0.0,4800.0,Sim,Fornecedor,,Despesa,,,
08/05/2026,08/05/2026,08/05/2026,Maskara,5400.0,,0.0,5400.0,Sim,Fornecedor,,Despesa,,,
08/05/2026,08/05/2026,08/05/2026,#229 - Pix,380.0,Pix,0.0,380.0,Sim,Pedido,Cliente 29,Receita,,,
08/05/2026,08/05/2026,08/05/2026,#228 - Pix,389.0,Pix,0.0,389.0,Sim,Pedido,Cliente 13,Receita,,,
08/05/2026,08/05/2026,08/05/2026,#227 - Dinheiro,200.0,Pix,0.0,200.0,Sim,Pedido,Cliente 20,Receita,,,
08/05/2026,08/05/2026,08/05/2026,Adição de Crédito,150.0,Dinheiro,0.0,150.0,Sim,Conta do Cliente,Cliente 26,Receita,,,
07/05/2026,07/05/2026,07/05/2026,#226 - Dinheiro,200.0,Dinheiro,0.0,200.0,Sim,Pedido,Cliente 57,Receita,,,
07/05/2026,07/05/2026,07/05/2026,#225 - Pix,200.0,Pix,0.0,200.0,Sim,Pedido,Cliente 71,Receita,,,
07/05/2026,07/05/2026,07/05/2026,#224 - Pix,210.0,Pix,0.0,210.0,Sim,Pedido,Cliente 20,Receita,,,
07/05/2026,07/05/2026,07/05/2026,Uber,25.95,,0.0,25.95,Sim,,,Despesa,,,
07/05/2026,07/05/2026,07/05/2026,Envio rj sp,100.0,,0.0,100.0,Sim,,,Despesa,,,
07/05/2026,07/05/2026,07/05/2026,#223 - Pix,210.0,Pix,0.0,210.0,Sim,Pedido,Cliente 62,Receita,,,
07/05/2026,07/05/2026,07/05/2026,#222 - Pix,210.0,Pix,0.0,210.0,Sim,Pedido,Cliente 42,Receita,,,
07/05/2026,07/05/2026,07/05/2026,#221 - Pix,200.0,Pix,0.0,200.0,Sim,Pedido,Cliente 08,Receita,,,
07/05/2026,07/05/2026,07/05/2026,#220 - Pix,380.0,Pix,0.0,380.0,Sim,Pedido,Cliente 28,Receita,,,
07/05/2026,07/05/2026,07/05/2026,#208 - Pix,800.0,Pix,0.0,800.0,Sim,Pedido,Cliente 80,Receita,,,
07/05/2026,07/05/2026,07/05/2026,#219 - Pix,200.0,Pix,0.0,200.0,Sim,Pedido,Cliente 03,Receita,,,
07/05/2026,07/05/2026,07/05/2026,#218 - Pix,350.0,Pix,0.0,350.0,Sim,Pedido,Cliente 31,Receita,,,
07/05/2026,07/05/2026,07/05/2026,#217 - Pix,210.0,Pix,0.0,210.0,Sim,Pedido,Cliente 36,Receita,,,
07/05/2026,07/05/2026,07/05/2026,#216 - Pix,380.0,Pix,0.0,380.0,Sim,Pedido,Cliente 11,Receita,,,
07/05/2026,07/05/2026,07/05/2026,Adição de Crédito,50.0,Dinheiro,0.0,50.0,Sim,Conta do Cliente,Cliente 26,Receita,,,
07/05/2026,07/05/2026,07/05/2026,Adição de Crédito,0.01,,0.0,0.01,Sim,Conta do Cliente,Cliente 63,Receita,,,
07/05/2026,07/05/2026,07/05/2026,#215 - Pix,470.0,Pix,0.0,470.0,Sim,Pedido,Cliente 46,Receita,,,
07/05/2026,07/05/2026,07/05/2026,#214 - Pix,360.0,Pix,0.0,360.0,Sim,Pedido,Cliente 23,Receita,,,
06/05/2026,06/05/2026,06/05/2026,#213 - Pix,380.0,Pix,0.0,380.0,Sim,Pedido,Cliente 23,Receita,,,
06/05/2026,06/05/2026,06/05/2026,#212 - Dinheiro,200.0,Dinheiro,0.0,200.0,Sim,Pedido,Cliente 14,Receita,,,
06/05/2026,06/05/2026,06/05/2026,#211 - Pix,210.0,Pix,0.0,210.0,Sim,Pedido,Cliente 64,Receita,,,
06/05/2026,06/05/2026,06/05/2026,#210 - Pix,380.0,Pix,0.0,380.0,Sim,Pedido,Cliente 49,Receita,,,
06/05/2026,06/05/2026,06/05/2026,#207 - Pix,380.0,Pix,0.0,380.0,Sim,Pedido,Cliente 90,Receita,,,
06/05/2026,06/05/2026,06/05/2026,#206 - Pix,240.0,Pix,0.0,240.0,Sim,Pedido,Cliente 29,Receita,,,
06/05/2026,06/05/2026,06/05/2026,#205 - Pix,200.0,Pix,0.0,200.0,Sim,Pedido,Cliente 42,Receita,,,
06/05/2026,06/05/2026,06/05/2026,#204 - Pix,230.0,Pix,0.0,230.0,Sim,Pedido,Cliente 08,Receita,,,
06/05/2026,06/05/2026,06/05/2026,#203 - Pix,600.0,Pix,0.0,600.0,Sim,Pedido,Cliente 58,Receita,,,
07/05/2026,06/05/2026,06/05/2026,Adição de Crédito,600.0,Outro,0.0,600.0,Sim,Conta do Cliente,Cliente 58,Receita,,,
07/05/2026,06/05/2026,06/05/2026,Ajuste Lucas,600.0,,0.0,600.0,Sim,,,Despesa,,,
06/05/2026,06/05/2026,06/05/2026,#202 - Pix,200.0,Pix,0.0,200.0,Sim,Pedido,Cliente 36,Receita,,,
05/05/2026,05/05/2026,05/05/2026,#200 - Pix,200.0,Pix,0.0,200.0,Sim,Pedido,Cliente 11,Receita,,,
05/05/2026,05/05/2026,05/05/2026,#199 - Pix,380.0,Pix,0.0,380.0,Sim,Pedido,Cliente 56,Receita,,,
05/05/2026,05/05/2026,05/05/2026,#198 - Pix,320.0,Pix,0.0,320.0,Sim,Pedido,Cliente 28,Receita,,,
05/05/2026,05/05/2026,05/05/2026,#197 - Pix,200.0,Pix,0.0,200.0,Sim,Pedido,Cliente 20,Receita,,,
05/05/2026,05/05/2026,05/05/2026,#196 - Pix,200.0,Pix,0.0,200.0,Sim,Pedido,Cliente 36,Receita,,,
05/05/2026,05/05/2026,05/05/2026,#195 - Pix,400.0,Pix,0.0,400.0,Sim,Pedido,Cliente 02,Receita,,,
05/05/2026,05/05/2026,05/05/2026,#194 - Pix,200.0,Pix,0.0,200.0,Sim,Pedido,Cliente 49,Receita,,,
06/05/2026,05/05/2026,05/05/2026,#201 - Pix,380.0,Pix,0.0,380.0,Sim,Pedido,Cliente 52,Receita,,,
04/05/2026,04/05/2026,04/05/2026,#193 - Dinheiro,500.0,Dinheiro,0.0,500.0,Sim,Pedido,Cliente 41,Receita,,,
04/05/2026,04/05/2026,04/05/2026,#192 - Pix,200.0,Pix,0.0,200.0,Sim,Pedido,,Receita,,,
04/05/2026,04/05/2026,04/05/2026,#191 - Pix,200.0,Pix,0.0,200.0,Sim,Pedido,Cliente 11,Receita,,,
04/05/2026,04/05/2026,04/05/2026,#189 - Pix,310.0,Pix,0.0,310.0,Sim,Pedido,Cliente 28,Receita,,,
04/05/2026,04/05/2026,04/05/2026,#188 - Pix,200.0,Pix,0.0,200.0,Sim,Pedido,Cliente 53,Receita,,,
04/05/2026,04/05/2026,04/05/2026,Adição de Crédito,100.0,Pix,0.0,100.0,Sim,Conta do Cliente,Cliente 03,Receita,,,
04/05/2026,04/05/2026,04/05/2026,Adição de Crédito,670.0,Pix,0.0,670.0,Sim,Conta do Cliente,Cliente 11,Receita,,,
04/05/2026,04/05/2026,04/05/2026,Adição de Crédito,240.0,Pix,0.0,240.0,Sim,Conta do Cliente,Cliente 53,Receita,,,
04/05/2026,04/05/2026,04/05/2026,#187 - Pix,420.0,Pix,0.0,420.0,Sim,Pedido,Cliente 80,Receita,,,
04/05/2026,04/05/2026,04/05/2026,#186 - Pix,200.0,Pix,0.0,200.0,Sim,Pedido,Cliente 36,Receita,,,
03/05/2026,03/05/2026,03/05/2026,#184 - Pix,200.0,Pix,0.0,200.0,Sim,Pedido,Cliente 20,Receita,,,
03/05/2026,03/05/2026,03/05/2026,#183 - Pix,150.0,Pix,0.0,150.0,Sim,Pedido,Cliente 28,Receita,,,
03/05/2026,03/05/2026,03/05/2026,#182 - Pix,100.0,Pix,0.0,100.0,Sim,Pedido,Cliente 53,Receita,,,
03/05/2026,03/05/2026,03/05/2026,#182 - Dinheiro,100.0,Dinheiro,0.0,100.0,Sim,Pedido,Cliente 53,Receita,,,
03/05/2026,03/05/2026,03/05/2026,#181 - Pix,380.0,Pix,0.0,380.0,Sim,Pedido,Cliente 14,Receita,,,
03/05/2026,03/05/2026,03/05/2026,#178 - Pix,420.0,Pix,0.0,420.0,Sim,Pedido,Cliente 85,Receita,,,
03/05/2026,03/05/2026,03/05/2026,#177 - Pix,200.0,Pix,0.0,200.0,Sim,Pedido,Cliente 49,Receita,,,
03/05/2026,03/05/2026,03/05/2026,#175 - Pix,350.0,Pix,0.0,350.0,Sim,Pedido,Cliente 94,Receita,,,
03/05/2026,03/05/2026,03/05/2026,#174 - Pix,210.0,Pix,0.0,210.0,Sim,Pedido,Cliente 36,Receita,,,
03/05/2026,03/05/2026,03/05/2026,#173 - Pix,275.0,Pix,0.0,275.0,Sim,Pedido,Cliente 14,Receita,,,
03/05/2026,03/05/2026,03/05/2026,#172 - Pix,45.0,Pix,0.0,45.0,Sim,Pedido,Cliente 36,Receita,,,
03/05/2026,03/05/2026,03/05/2026,#171 - Pix,450.0,Pix,0.0,450.0,Sim,Pedido,Cliente 73,Receita,,,
03/05/2026,03/05/2026,03/05/2026,#170 - Pix,110.0,Pix,0.0,110.0,Sim,Pedido,Cliente 92,Receita,,,
03/05/2026,03/05/2026,03/05/2026,#169 - Pix,490.0,Pix,0.0,490.0,Sim,Pedido,Cliente 83,Receita,,,
02/05/2026,02/05/2026,02/05/2026,Gi Mateus,325.0,,0.0,325.0,Sim,,,Despesa,,,
02/05/2026,02/05/2026,02/05/2026,#168 - Pix,275.0,Pix,0.0,275.0,Sim,Pedido,Cliente 28,Receita,,,
02/05/2026,02/05/2026,02/05/2026,#167 - Pix,380.0,Pix,0.0,380.0,Sim,Pedido,Cliente 56,Receita,,,
02/05/2026,02/05/2026,02/05/2026,#166 - Pix,200.0,Pix,0.0,200.0,Sim,Pedido,Cliente 49,Receita,,,
02/05/2026,02/05/2026,02/05/2026,#165 - Pix,200.0,Pix,0.0,200.0,Sim,Pedido,Cliente 20,Receita,,,
02/05/2026,02/05/2026,02/05/2026,#164 - Pix,310.0,Pix,0.0,310.0,Sim,Pedido,Cliente 28,Receita,,,
02/05/2026,02/05/2026,02/05/2026,#163 - Pix,200.0,Pix,0.0,200.0,Sim,Pedido,Cliente 14,Receita,,,
02/05/2026,02/05/2026,02/05/2026,Material envio,96.4,Pix,0.0,96.4,Sim,Ferramentas,,Despesa,,,
03/05/2026,02/05/2026,02/05/2026,C6,760.0,Pix,0.0,760.0,Sim,Outros,,Despesa,,,
02/05/2026,02/05/2026,02/05/2026,#162 - Pix,380.0,Pix,0.0,380.0,Sim,Pedido,Cliente 90,Receita,,,
02/05/2026,02/05/2026,02/05/2026,#160 - Pix,380.0,Pix,0.0,380.0,Sim,Pedido,Cliente 91,Receita,,,
02/05/2026,02/05/2026,02/05/2026,#161 - Cartão de Crédito,400.0,Cartão de Crédito,0.0,400.0,Sim,Pedido,Cliente 13,Receita,,,
01/05/2026,01/05/2026,01/05/2026,#158 - Pix,1000.0,Pix,0.0,1000.0,Sim,Pedido,Cliente 80,Receita,,,
01/05/2026,01/05/2026,01/05/2026,#159 - Pix,430.0,Pix,0.0,430.0,Sim,Pedido,Cliente 01,Receita,,,
01/05/2026,01/05/2026,01/05/2026,17 Tina Marvin,2833.0,,0.0,2833.0,Sim,Materiais,,Despesa,,,
01/05/2026,01/05/2026,01/05/2026,Gi 2L Shopee,449.73,Pix,0.0,449.73,Sim,Materiais,,Despesa,,,
01/05/2026,01/05/2026,01/05/2026,#157 - Pix,380.0,Pix,0.0,380.0,Sim,Pedido,Cliente 33,Receita,,,
01/05/2026,01/05/2026,01/05/2026,#156 - Pix,200.0,Pix,0.0,200.0,Sim,Pedido,Cliente 53,Receita,,,
01/05/2026,01/05/2026,01/05/2026,#155 - Dinheiro,380.0,Dinheiro,0.0,380.0,Sim,Pedido,Cliente 12,Receita,,,
01/05/2026,01/05/2026,01/05/2026,#154 - Pix,450.0,Pix,0.0,450.0,Sim,Pedido,Cliente 13,Receita,,,
01/05/2026,01/05/2026,01/05/2026,#153 - Pix,380.0,Pix,0.0,380.0,Sim,Pedido,Cliente 67,Receita,,,
30/04/2026,30/04/2026,30/04/2026,#152 - Pix,490.0,Pix,0.0,490.0,Sim,Pedido,Cliente 78,Receita,,,
30/04/2026,30/04/2026,30/04/2026,#151 - Cartão de Crédito,200.0,Cartão de Crédito,0.0,200.0,Sim,Pedido,Cliente 44,Receita,,,
30/04/2026,30/04/2026,30/04/2026,#150 - Pix,200.0,Pix,0.0,200.0,Sim,Pedido,Cliente 29,Receita,,,
30/04/2026,30/04/2026,30/04/2026,#149 - Pix,70.0,Pix,0.0,70.0,Sim,Pedido,Cliente 80,Receita,,,
30/04/2026,30/04/2026,30/04/2026,Adição de Crédito,421.0,Pix,0.0,421.0,Sim,Conta do Cliente,Cliente 80,Receita,,,
30/04/2026,30/04/2026,30/04/2026,#148 - Dinheiro,200.0,Dinheiro,0.0,200.0,Sim,Pedido,Cliente 53,Receita,,,
30/04/2026,30/04/2026,30/04/2026,#147 - Pix,200.0,Pix,0.0,200.0,Sim,Pedido,Cliente 20,Receita,,,
30/04/2026,30/04/2026,30/04/2026,#146 - Pix,200.0,Pix,0.0,200.0,Sim,Pedido,Cliente 33,Receita,,,
30/04/2026,30/04/2026,30/04/2026,Remédio envio,36.36,,0.0,36.36,Sim,Materiais,,Despesa,,,
30/04/2026,30/04/2026,30/04/2026,#145 - Pix,380.0,Pix,0.0,380.0,Sim,Pedido,Cliente 90,Receita,,,
30/04/2026,30/04/2026,30/04/2026,#144 - Pix,380.0,Pix,0.0,380.0,Sim,Pedido,Cliente 02,Receita,,,
30/04/2026,30/04/2026,30/04/2026,Remédios envio,83.64,,0.0,83.64,Sim,Materiais,,Despesa,,,
04/05/2026,30/04/2026,30/04/2026,Adição de Crédito,550.5,Pix,0.0,550.5,Sim,Conta do Cliente,Cliente 80,Receita,,,
29/04/2026,29/04/2026,29/04/2026,#143 - Pix,200.0,Pix,0.0,200.0,Sim,Pedido,Cliente 28,Receita,,,
29/04/2026,29/04/2026,29/04/2026,#140 - Pix,200.0,Pix,0.0,200.0,Sim,Pedido,Cliente 104,Receita,,,
29/04/2026,29/04/2026,29/04/2026,#142 - Dinheiro,150.0,Dinheiro,0.0,150.0,Sim,Pedido,Cliente 57,Receita,,,
30/04/2026,29/04/2026,29/04/2026,#141 - Pix,200.0,Pix,0.0,200.0,Sim,Pedido,Cliente 49,Receita,,,
29/04/2026,29/04/2026,29/04/2026,#139 - Pix,200.0,Dinheiro,0.0,200.0,Sim,Pedido,Cliente 20,Receita,,,
29/04/2026,29/04/2026,29/04/2026,#137 - Pix,380.0,Pix,0.0,380.0,Sim,Pedido,Cliente 87,Receita,,,
29/04/2026,29/04/2026,29/04/2026,#135 - Pix,50.0,Pix,0.0,50.0,Sim,Pedido,Cliente 33,Receita,,,
29/04/2026,29/04/2026,29/04/2026,#135 - Dinheiro,150.0,Dinheiro,0.0,150.0,Sim,Pedido,Cliente 33,Receita,,,
29/04/2026,29/04/2026,29/04/2026,#134 - Pix,200.0,Pix,0.0,200.0,Sim,Pedido,Cliente 11,Receita,,,
29/04/2026,29/04/2026,29/04/2026,#133 - Dinheiro,100.0,Dinheiro,0.0,100.0,Sim,Pedido,Cliente 03,Receita,,,
29/04/2026,29/04/2026,29/04/2026,#131 - Pix,200.0,Pix,0.0,200.0,Sim,Pedido,Cliente 95,Receita,,,
29/04/2026,29/04/2026,29/04/2026,#129 - Pix,1000.0,Pix,0.0,1000.0,Sim,Pedido,,Receita,,,
29/04/2026,29/04/2026,29/04/2026,Benzemar,150.0,Pix,0.0,150.0,Sim,,,Despesa,,,
29/04/2026,29/04/2026,29/04/2026,Tina marvin ,5167.0,Pix,0.0,5167.0,Sim,Fornecedor,,Despesa,,,
29/04/2026,29/04/2026,29/04/2026,#130 - Pix,150.0,Pix,0.0,150.0,Sim,Pedido,Cliente 53,Receita,,,
29/04/2026,29/04/2026,29/04/2026,Impressoras,199.83,Pix,0.0,199.83,Sim,,,Despesa,,,
28/04/2026,28/04/2026,28/04/2026,#128 - Pix,180.0,Pix,0.0,180.0,Sim,Pedido,Cliente 58,Receita,,,
28/04/2026,28/04/2026,28/04/2026,#128 - Dinheiro,250.0,Dinheiro,0.0,250.0,Sim,Pedido,Cliente 58,Receita,,,
28/04/2026,28/04/2026,28/04/2026,#127 - Pix,380.0,Pix,0.0,380.0,Sim,Pedido,Cliente 52,Receita,,,
28/04/2026,28/04/2026,28/04/2026,Key,150.0,,0.0,150.0,Sim,,,Despesa,,,
28/04/2026,28/04/2026,28/04/2026,#126 - Dinheiro,200.0,Pix,0.0,200.0,Sim,Pedido,Cliente 61,Receita,,,
28/04/2026,28/04/2026,28/04/2026,#123 - Dinheiro,200.0,Pix,0.0,200.0,Sim,Pedido,Cliente 69,Receita,,,
28/04/2026,28/04/2026,28/04/2026,#125 - Cartão de Crédito,380.0,Cartão de Crédito,0.0,380.0,Sim,Pedido,Cliente 80,Receita,,,
28/04/2026,28/04/2026,28/04/2026,#124 - Pix,380.0,Pix,0.0,380.0,Sim,Pedido,Cliente 67,Receita,,,
28/04/2026,28/04/2026,28/04/2026,Kit slam e sabonete líquido,226.31,Pix,0.0,226.31,Sim,Materiais,,Despesa,,,
28/04/2026,28/04/2026,28/04/2026,Kit shampoo sabonete,81.67,,0.0,81.67,Sim,,,Despesa,,,
28/04/2026,28/04/2026,28/04/2026,Kit escova,89.75,,0.0,89.75,Sim,,,Despesa,,,
28/04/2026,28/04/2026,28/04/2026,Tina maskara,5500.0,,0.0,5500.0,Sim,Fornecedor,,Despesa,,,
28/04/2026,28/04/2026,28/04/2026,Seringas,29.9,,0.0,29.9,Sim,Materiais,,Despesa,,,
28/04/2026,28/04/2026,28/04/2026,Reembolso Tina Diogo,200.0,,0.0,200.0,Sim,,,Despesa,,,
28/04/2026,28/04/2026,28/04/2026,Adição de Crédito,200.0,Pix,0.0,200.0,Sim,Conta do Cliente,Cliente 14,Receita,,,
27/04/2026,27/04/2026,27/04/2026,#121 - Pix,500.0,Pix,0.0,500.0,Sim,Pedido,Cliente 55,Receita,,,
27/04/2026,27/04/2026,27/04/2026,#120 - Pix,190.0,Pix,0.0,190.0,Sim,Pedido,Cliente 100,Receita,,,
27/04/2026,27/04/2026,27/04/2026,#119 - Cartão de Crédito,380.0,Cartão de Crédito,0.0,380.0,Sim,Pedido,Cliente 80,Receita,,,
27/04/2026,27/04/2026,27/04/2026,Produtos envio,50.72,,0.0,50.72,Sim,,,Despesa,,,
27/04/2026,27/04/2026,27/04/2026,"Produtos envio ifood (tadala, sabonete )",74.13,,0.0,74.13,Sim,,,Despesa,,,
27/04/2026,27/04/2026,27/04/2026,#117 - Dinheiro,200.0,Dinheiro,0.0,200.0,Sim,Pedido,Cliente 84,Receita,,,
27/04/2026,27/04/2026,27/04/2026,#116 - Pix,200.0,Pix,0.0,200.0,Sim,Pedido,Cliente 28,Receita,,,
27/04/2026,27/04/2026,27/04/2026,#115 - Pix,380.0,Pix,0.0,380.0,Sim,Pedido,Cliente 66,Receita,,,
27/04/2026,27/04/2026,27/04/2026,#114 - Cartão de Crédito,420.0,Cartão de Crédito,0.0,420.0,Sim,Pedido,Cliente 62,Receita,,,
27/04/2026,27/04/2026,27/04/2026,Reembolso Alysson,170.0,,0.0,170.0,Sim,,,Receita,,,
27/04/2026,27/04/2026,27/04/2026,#113 - Pix,500.0,Pix,0.0,500.0,Sim,Pedido,Cliente 89,Receita,,,
27/04/2026,27/04/2026,27/04/2026,#112 - Pix,100.0,Pix,0.0,100.0,Sim,Pedido,Cliente 26,Receita,,,
27/04/2026,27/04/2026,27/04/2026,#111 - Cartão de Crédito,220.0,Cartão de Crédito,0.0,220.0,Sim,Pedido,Cliente 80,Receita,,,
27/04/2026,27/04/2026,27/04/2026,#110 - Pix,380.0,Pix,0.0,380.0,Sim,Pedido,Cliente 02,Receita,,,
27/04/2026,27/04/2026,27/04/2026,#109 - Pix,200.0,Pix,0.0,200.0,Sim,Pedido,Cliente 11,Receita,,,
27/04/2026,27/04/2026,27/04/2026,#59 - Pix,350.0,Pix,0.0,350.0,Sim,Pedido,Cliente 09,Receita,,,
27/04/2026,27/04/2026,27/04/2026,#58 - Pix,30.0,Pix,0.0,30.0,Sim,Pedido,Cliente 69,Receita,,,
27/04/2026,27/04/2026,27/04/2026,#58 - Dinheiro,170.0,Dinheiro,0.0,170.0,Sim,Pedido,Cliente 69,Receita,,,
26/04/2026,26/04/2026,26/04/2026,#47 - Pix,200.0,Pix,0.0,200.0,Sim,Pedido,Cliente 13,Receita,,,
26/04/2026,26/04/2026,26/04/2026,#45 - Dinheiro,100.0,Dinheiro,0.0,100.0,Sim,Pedido,Cliente 67,Receita,,,
26/04/2026,26/04/2026,26/04/2026,#45 - Pix,100.0,Pix,0.0,100.0,Sim,Pedido,Cliente 67,Receita,,,
26/04/2026,26/04/2026,26/04/2026,#43 - Cartão de Crédito,760.0,Cartão de Crédito,0.0,760.0,Sim,Pedido,Cliente 80,Receita,,,
26/04/2026,26/04/2026,26/04/2026,#42 - Pix,200.0,Pix,0.0,200.0,Sim,Pedido,Cliente 09,Receita,,,
26/04/2026,26/04/2026,26/04/2026,#41 - Pix,450.0,Pix,0.0,450.0,Sim,Pedido,Cliente 78,Receita,,,
26/04/2026,26/04/2026,26/04/2026,#40 - Pix,200.0,Pix,0.0,200.0,Sim,Pedido,Cliente 28,Receita,,,
26/04/2026,26/04/2026,26/04/2026,#39 - Pix,200.0,Pix,0.0,200.0,Sim,Pedido,Cliente 20,Receita,,,
26/04/2026,26/04/2026,26/04/2026,#38 - Pix,380.0,Pix,0.0,380.0,Sim,Pedido,Cliente 91,Receita,,,
26/04/2026,26/04/2026,26/04/2026,#37 - Pix,200.0,Pix,0.0,200.0,Sim,Pedido,Cliente 13,Receita,,,
26/04/2026,26/04/2026,26/04/2026,#11 - Pix,280.0,Pix,0.0,280.0,Sim,Pedido,Cliente 49,Receita,,,
27/04/2026,25/04/2026,25/04/2026,Tina Sp,2550.0,,0.0,2550.0,Sim,Fornecedor,,Despesa,,,
27/04/2026,25/04/2026,25/04/2026,#107 - Pix,200.0,Pix,0.0,200.0,Sim,Pedido,Cliente 20,Receita,,,
27/04/2026,25/04/2026,25/04/2026,#106 - Pix,200.0,Pix,0.0,200.0,Sim,Pedido,Cliente 29,Receita,,,
27/04/2026,25/04/2026,25/04/2026,#105 - Pix,380.0,Pix,0.0,380.0,Sim,Pedido,Cliente 80,Receita,,,
27/04/2026,25/04/2026,25/04/2026,#104 - Pix,200.0,Pix,0.0,200.0,Sim,Pedido,Cliente 11,Receita,,,
27/04/2026,25/04/2026,25/04/2026,#103 - Pix,200.0,Pix,0.0,200.0,Sim,Pedido,Cliente 28,Receita,,,
27/04/2026,25/04/2026,25/04/2026,#102 - Pix,380.0,Pix,0.0,380.0,Sim,Pedido,Cliente 72,Receita,,,
27/04/2026,24/04/2026,24/04/2026,Produtos venda (kmed),366.42,,0.0,366.42,Sim,Fornecedor,,Despesa,,,
27/04/2026,24/04/2026,24/04/2026,Materiais de envio,315.4,,0.0,315.4,Sim,Ferramentas,,Despesa,,,
27/04/2026,24/04/2026,24/04/2026,Tina rj (carregamento de 200g),3000.0,,0.0,3000.0,Sim,Fornecedor,,Despesa,,,
27/04/2026,24/04/2026,24/04/2026,#101 - Pix,380.0,Pix,0.0,380.0,Sim,Pedido,Cliente 28,Receita,,,
27/04/2026,24/04/2026,24/04/2026,#100 - Pix,380.0,Pix,0.0,380.0,Sim,Pedido,Cliente 15,Receita,,,
27/04/2026,24/04/2026,24/04/2026,#99 - Pix,80.0,Pix,0.0,80.0,Sim,Pedido,Cliente 83,Receita,,,
27/04/2026,24/04/2026,24/04/2026,#98 - Pix,200.0,Pix,0.0,200.0,Sim,Pedido,Cliente 20,Receita,,,
27/04/2026,24/04/2026,24/04/2026,#97 - Pix,200.0,Pix,0.0,200.0,Sim,Pedido,Cliente 11,Receita,,,
27/04/2026,24/04/2026,24/04/2026,#96 - Pix,200.0,Pix,0.0,200.0,Sim,Pedido,Cliente 49,Receita,,,
27/04/2026,24/04/2026,24/04/2026,#95 - Pix,200.0,Pix,0.0,200.0,Sim,Pedido,Cliente 94,Receita,,,
27/04/2026,24/04/2026,24/04/2026,#94 - Pix,580.0,Pix,0.0,580.0,Sim,Pedido,Cliente 28,Receita,,,
27/04/2026,24/04/2026,24/04/2026,#93 - Pix,250.0,Pix,0.0,250.0,Sim,Pedido,Cliente 102,Receita,,,
27/04/2026,24/04/2026,24/04/2026,#92 - Pix,380.0,Pix,0.0,380.0,Sim,Pedido,Cliente 02,Receita,,,
27/04/2026,23/04/2026,23/04/2026,"Produtos (macarico, gás, pipe etc)",446.59,,0.0,446.59,Sim,Ferramentas,,Despesa,,,
27/04/2026,23/04/2026,23/04/2026,#91 - Pix,200.0,Pix,0.0,200.0,Sim,Pedido,Cliente 32,Receita,,,
27/04/2026,23/04/2026,23/04/2026,#89 - Pix,380.0,Pix,0.0,380.0,Sim,Pedido,Cliente 31,Receita,,,
27/04/2026,23/04/2026,23/04/2026,#90 - Pix,380.0,Pix,0.0,380.0,Sim,Pedido,Cliente 80,Receita,,,
27/04/2026,23/04/2026,23/04/2026,#88 - Pix,200.0,Pix,0.0,200.0,Sim,Pedido,Cliente 104,Receita,,,
27/04/2026,23/04/2026,23/04/2026,#87 - Pix,450.0,Pix,0.0,450.0,Sim,Pedido,Cliente 78,Receita,,,
27/04/2026,22/04/2026,22/04/2026,Aluguel,1875.0,,0.0,1875.0,Sim,Acomodação,,Despesa,,,
27/04/2026,22/04/2026,22/04/2026,Ziplock,116.9,,0.0,116.9,Sim,Ferramentas,,Despesa,,,
27/04/2026,22/04/2026,22/04/2026,Macaricos,191.85,Dinheiro,0.0,191.85,Sim,Fornecedor,,Despesa,,,
27/04/2026,22/04/2026,22/04/2026,#78 - Pix,400.0,Pix,0.0,400.0,Sim,Pedido,Cliente 13,Receita,,,
27/04/2026,22/04/2026,22/04/2026,#86 - Pix,350.0,Pix,0.0,350.0,Sim,Pedido,Cliente 21,Receita,,,
27/04/2026,22/04/2026,22/04/2026,#85 - Pix,380.0,Pix,0.0,380.0,Sim,Pedido,Cliente 56,Receita,,,
27/04/2026,22/04/2026,22/04/2026,#84 - Pix,760.0,Pix,0.0,760.0,Sim,Pedido,Cliente 80,Receita,,,
27/04/2026,22/04/2026,22/04/2026,#83 - Pix,800.0,Pix,0.0,800.0,Sim,Pedido,Cliente 17,Receita,,,
27/04/2026,22/04/2026,22/04/2026,#82 - Pix,380.0,Pix,0.0,380.0,Sim,Pedido,Cliente 10,Receita,,,
27/04/2026,22/04/2026,22/04/2026,#81 - Pix,380.0,Pix,0.0,380.0,Sim,Pedido,Cliente 83,Receita,,,
27/04/2026,22/04/2026,22/04/2026,#80 - Pix,400.0,Pix,0.0,400.0,Sim,Pedido,Cliente 30,Receita,,,
27/04/2026,22/04/2026,22/04/2026,#79 - Pix,380.0,Pix,0.0,380.0,Sim,Pedido,Cliente 31,Receita,,,
27/04/2026,22/04/2026,22/04/2026,#77 - Pix,200.0,Pix,0.0,200.0,Sim,Pedido,Cliente 95,Receita,,,
27/04/2026,21/04/2026,21/04/2026,Aluguel,1875.0,,0.0,1875.0,Sim,Acomodação,,Despesa,,,
27/04/2026,21/04/2026,21/04/2026,Tina rj,2620.0,,0.0,2620.0,Sim,Fornecedor,,Despesa,,,
27/04/2026,21/04/2026,21/04/2026,Mercado livre,699.8,,0.0,699.8,Sim,Ferramentas,,Despesa,,,
27/04/2026,21/04/2026,21/04/2026,Bolinhos,133.5,Pix,0.0,133.5,Sim,Ferramentas,,Despesa,,,
27/04/2026,21/04/2026,21/04/2026,Chantilly,63.3,,0.0,63.3,Sim,Ferramentas,,Despesa,,,
27/04/2026,21/04/2026,21/04/2026,#69 - Pix,75.0,Pix,0.0,75.0,Sim,Pedido,Cliente 25,Receita,,,
27/04/2026,21/04/2026,21/04/2026,#76 - Pix,200.0,Pix,0.0,200.0,Sim,Pedido,Cliente 20,Receita,,,
27/04/2026,21/04/2026,21/04/2026,#75 - Pix,380.0,Pix,0.0,380.0,Sim,Pedido,Cliente 49,Receita,,,
27/04/2026,21/04/2026,21/04/2026,#74 - Pix,200.0,Pix,0.0,200.0,Sim,Pedido,Cliente 61,Receita,,,
27/04/2026,21/04/2026,21/04/2026,#72 - Pix,200.0,Pix,0.0,200.0,Sim,Pedido,Cliente 54,Receita,,,
27/04/2026,21/04/2026,21/04/2026,#71 - Pix,760.0,Pix,0.0,760.0,Sim,Pedido,Cliente 80,Receita,,,
27/04/2026,21/04/2026,21/04/2026,#70 - Pix,200.0,Pix,0.0,200.0,Sim,Pedido,Cliente 37,Receita,,,
27/04/2026,21/04/2026,21/04/2026,#67 - Pix,380.0,Pix,0.0,380.0,Sim,Pedido,Cliente 29,Receita,,,
27/04/2026,21/04/2026,21/04/2026,#68 - Pix,80.0,Pix,0.0,80.0,Sim,Pedido,Cliente 102,Receita,,,
30/04/2026,21/04/2026,30/04/2026,#66 - Pix,370.0,Pix,0.0,370.0,Sim,Pedido,Cliente 78,Receita,,,
27/04/2026,21/04/2026,21/04/2026,#66 - Pix,80.0,Pix,0.0,80.0,Sim,Pedido,Cliente 78,Receita,,,
27/04/2026,21/04/2026,21/04/2026,#65 - Pix,200.0,Pix,0.0,200.0,Sim,Pedido,Cliente 67,Receita,,,
27/04/2026,20/04/2026,20/04/2026,#55 - Pix,1000.0,Pix,0.0,1000.0,Sim,Pedido,Cliente 80,Receita,,,
27/04/2026,20/04/2026,20/04/2026,#54 - Pix,200.0,Pix,0.0,200.0,Sim,Pedido,Cliente 05,Receita,,,
27/04/2026,20/04/2026,20/04/2026,Tina,1000.0,Pix,0.0,1000.0,Sim,Fornecedor,,Despesa,,,
27/04/2026,20/04/2026,20/04/2026,Tina rj,4000.0,Pix,0.0,4000.0,Sim,Fornecedor,,Despesa,,,
27/04/2026,20/04/2026,20/04/2026,Voo volta,483.84,Pix,0.0,483.84,Sim,Viagem,,Despesa,,,
27/04/2026,20/04/2026,20/04/2026,Voo ida,1000.0,Pix,0.0,1000.0,Sim,Viagem,,Despesa,,,
27/04/2026,20/04/2026,20/04/2026,#61 - Pix,380.0,Pix,0.0,380.0,Sim,Pedido,Cliente 14,Receita,,,
27/04/2026,20/04/2026,20/04/2026,#64 - Pix,200.0,Pix,0.0,200.0,Sim,Pedido,Cliente 12,Receita,,,
27/04/2026,20/04/2026,20/04/2026,#63 - Pix,380.0,Pix,0.0,380.0,Sim,Pedido,Cliente 02,Receita,,,
27/04/2026,20/04/2026,20/04/2026,#62 - Pix,380.0,Pix,0.0,380.0,Sim,Pedido,Cliente 101,Receita,,,
27/04/2026,20/04/2026,20/04/2026,#57 - Pix,380.0,Pix,0.0,380.0,Sim,Pedido,Cliente 06,Receita,,,
27/04/2026,20/04/2026,20/04/2026,#56 - Pix,200.0,Pix,0.0,200.0,Sim,Pedido,Cliente 90,Receita,,,
27/04/2026,19/04/2026,19/04/2026,#53 - Pix,200.0,Pix,0.0,200.0,Sim,Pedido,Cliente 39,Receita,,,
27/04/2026,19/04/2026,19/04/2026,#52 - Pix,380.0,Pix,0.0,380.0,Sim,Pedido,Cliente 29,Receita,,,
27/04/2026,19/04/2026,19/04/2026,#51 - Pix,200.0,Pix,0.0,200.0,Sim,Pedido,Cliente 67,Receita,,,
27/04/2026,19/04/2026,19/04/2026,#50 - Pix,190.0,Pix,0.0,190.0,Sim,Pedido,Cliente 64,Receita,,,
27/04/2026,19/04/2026,19/04/2026,#49 - Pix,780.0,Pix,0.0,780.0,Sim,Pedido,Cliente 13,Receita,,,
27/04/2026,19/04/2026,19/04/2026,#48 - Pix,380.0,Pix,0.0,380.0,Sim,Pedido,Cliente 75,Receita,,,
27/04/2026,19/04/2026,19/04/2026,#36 - Pix,200.0,Pix,0.0,200.0,Sim,Pedido,Cliente 88,Receita,,,
27/04/2026,19/04/2026,19/04/2026,#35 - Pix,200.0,Pix,0.0,200.0,Sim,Pedido,Cliente 05,Receita,,,
27/04/2026,19/04/2026,19/04/2026,#34 - Pix,150.0,Pix,0.0,150.0,Sim,Pedido,Cliente 26,Receita,,,
27/04/2026,19/04/2026,19/04/2026,#33 - Pix,200.0,Pix,0.0,200.0,Sim,Pedido,Cliente 70,Receita,,,
27/04/2026,19/04/2026,19/04/2026,#31 - Pix,380.0,Pix,0.0,380.0,Sim,Pedido,Cliente 03,Receita,,,
27/04/2026,19/04/2026,19/04/2026,#32 - Pix,380.0,Pix,0.0,380.0,Sim,Pedido,Cliente 80,Receita,,,
27/04/2026,19/04/2026,19/04/2026,#30 - Pix,130.0,Pix,0.0,130.0,Sim,Pedido,Cliente 63,Receita,,,
27/04/2026,19/04/2026,19/04/2026,#29 - Pix,190.0,Pix,0.0,190.0,Sim,Pedido,Cliente 09,Receita,,,
27/04/2026,19/04/2026,19/04/2026,#28 - Pix,200.0,Pix,0.0,200.0,Sim,Pedido,Cliente 32,Receita,,,
27/04/2026,19/04/2026,19/04/2026,#27 - Pix,60.0,Pix,0.0,60.0,Sim,Pedido,Cliente 28,Receita,,,
27/04/2026,19/04/2026,19/04/2026,#26 - Pix,400.0,Pix,0.0,400.0,Sim,Pedido,Cliente 103,Receita,,,
27/04/2026,19/04/2026,19/04/2026,#25 - Pix,350.0,Pix,0.0,350.0,Sim,Pedido,Cliente 104,Receita,,,
27/04/2026,19/04/2026,19/04/2026,#24 - Pix,380.0,Pix,0.0,380.0,Sim,Pedido,Cliente 28,Receita,,,
26/04/2026,18/04/2026,18/04/2026,#23 - Pix,360.0,Pix,0.0,360.0,Sim,Pedido,Cliente 08,Receita,,,
26/04/2026,18/04/2026,18/04/2026,#22 - Pix,100.0,Pix,0.0,100.0,Sim,Pedido,Cliente 08,Receita,,,
26/04/2026,18/04/2026,18/04/2026,#21 - Pix,450.0,Pix,0.0,450.0,Sim,Pedido,Cliente 80,Receita,,,
26/04/2026,18/04/2026,18/04/2026,#20 - Pix,200.0,Pix,0.0,200.0,Sim,Pedido,Cliente 09,Receita,,,
26/04/2026,18/04/2026,18/04/2026,#19 - Pix,200.0,Pix,0.0,200.0,Sim,Pedido,Cliente 05,Receita,,,
26/04/2026,18/04/2026,18/04/2026,#18 - Pix,380.0,Pix,0.0,380.0,Sim,Pedido,Cliente 57,Receita,,,
26/04/2026,18/04/2026,18/04/2026,#17 - Pix,450.0,Pix,0.0,450.0,Sim,Pedido,Cliente 61,Receita,,,
26/04/2026,18/04/2026,18/04/2026,#16 - Dinheiro,570.0,Pix,0.0,570.0,Sim,Pedido,Cliente 44,Receita,,,
26/04/2026,18/04/2026,18/04/2026,#15 - Dinheiro,349.6,Pix,0.0,349.6,Sim,Pedido,Cliente 21,Receita,,,
26/04/2026,18/04/2026,18/04/2026,#14 - Dinheiro,200.0,Pix,0.0,200.0,Sim,Pedido,Cliente 66,Receita,,,
27/04/2026,18/04/2026,18/04/2026,Tina rj,2000.0,Pix,0.0,2000.0,Sim,Fornecedor,,Despesa,,,
26/04/2026,17/04/2026,17/04/2026,#13 - Pix,570.0,Pix,0.0,570.0,Sim,Pedido,Cliente 20,Receita,,,
26/04/2026,17/04/2026,17/04/2026,#12 - Pix,600.0,Pix,0.0,600.0,Sim,Pedido,Cliente 80,Receita,,,
26/04/2026,17/04/2026,17/04/2026,#10 - Dinheiro,200.0,Dinheiro,0.0,200.0,Sim,Pedido,Cliente 84,Receita,,,
26/04/2026,17/04/2026,17/04/2026,#9 - Pix,1000.0,Pix,0.0,1000.0,Sim,Pedido,Cliente 89,Receita,,,
26/04/2026,17/04/2026,17/04/2026,#8 - Pix,100.0,Pix,0.0,100.0,Sim,Pedido,Cliente 07,Receita,,,
26/04/2026,17/04/2026,17/04/2026,#5 - Pix,200.0,Pix,0.0,200.0,Sim,Pedido,Cliente 53,Receita,,,
27/04/2026,17/04/2026,17/04/2026,Tina rj,1200.0,Pix,0.0,1200.0,Sim,Fornecedor,,Despesa,,,
26/04/2026,16/04/2026,16/04/2026,#4 - Pix,380.0,Pix,0.0,380.0,Sim,Pedido,Cliente 44,Receita,,,
26/04/2026,16/04/2026,16/04/2026,#3 - Pix,200.0,Pix,0.0,200.0,Sim,Pedido,Cliente 14,Receita,,,
26/04/2026,16/04/2026,16/04/2026,#2 - Pix,380.0,Pix,0.0,380.0,Sim,Pedido,Cliente 65,Receita,,,
26/04/2026,16/04/2026,16/04/2026,#1 - Pix,380.0,Pix,0.0,380.0,Sim,Pedido,Cliente 02,Receita,,,
27/04/2026,16/04/2026,16/04/2026,Tina rj,3200.0,Pix,0.0,3200.0,Sim,Fornecedor,,Despesa,,,
