Número,Status,Data,Data de Entrega,Data de Vencimento,Data do Pagamento,Quantidade,Descrição,Desconto,Entrega,Taxa de Vendas,Total,Valor Pago,Custo,Lucro,Tipos de Pagamento,,,Observação
459,Finalizado,05/06/2026 16:06:00,,,05/06/2026 16:05:59,0.5,"0,5g x Escova (400,00)",0.0,,,200.0,200.0,70.0,130,Pix,,,
458,Finalizado,05/06/2026 16:05:32,,,05/06/2026 16:05:31,1,"1g x Escova (380,00)",0.0,,,380.0,380.0,140.0,240,Pix,,,
457,Finalizado,04/06/2026 16:49:08,,,04/06/2026 16:49:06,0.5,"0,5g x Escova (400,00)",0.0,,,200.0,200.0,70.0,130,Pix,,,
456,Finalizado,04/06/2026 08:35:54,,,04/06/2026 08:35:53,0.5,"0,5g x Escova (400,00)",0.0,,,200.0,200.0,70.0,130,Pix,,,
455,Finalizado,04/06/2026 05:56:09,,,04/06/2026 05:56:08,0.5,"0,5g x Escova (400,00)",0.0,,,200.0,200.0,70.0,130,Pix,,,
454,Finalizado,04/06/2026 03:58:35,,,04/06/2026 03:58:34,0.5,"0,5g x Escova (400,00)",0.0,,,200.0,200.0,70.0,130,"Pix, Fiado",,,
453,Finalizado,04/06/2026 02:42:57,,,04/06/2026 02:42:55,0.5,"0,5g x Escova (400,00)",0.0,,,200.0,200.0,70.0,130,Pix,,,
452,Finalizado,03/06/2026 23:54:55,,,03/06/2026 23:54:54,1,"1g x Escova (380,00)",0.0,,,380.0,380.0,140.0,240,Pix,,,
451,Finalizado,03/06/2026 18:12:26,,,03/06/2026 18:12:25,0.5,"0,5g x Escova (400,00)",0.0,,,200.0,200.0,70.0,130,"Pix, Fiado",,,
450,Finalizado,03/06/2026 16:59:01,,,03/06/2026 16:59:00,1,"0,5g x Escova (400,00)
0,5g x Escova (0,00)",0.0,,,200.0,200.0,140.0,60,Pix,,,
449,Finalizado,03/06/2026 15:31:38,,,03/06/2026 15:31:36,0.5,"0,5g x Escova (400,00)",0.0,,,200.0,200.0,70.0,130,Pix,,,
448,Finalizado,03/06/2026 15:30:01,,,03/06/2026 15:30:00,2,"2g x Escova (325,00)",0.0,,,650.0,650.0,280.0,370,Pix,,,
447,Finalizado,03/06/2026 15:20:47,,,03/06/2026 16:06:48,1,"1g x Escova (350,00)",0.0,,,350.0,350.0,140.0,210,Pix,,,
446,Finalizado,02/06/2026 23:57:08,,,02/06/2026 23:59:11,1.2,"1,2g x Escova (400,00)",100.0,,,380.0,380.0,168.0,212,Pix,,,
444,Finalizado,02/06/2026 23:07:47,,,02/06/2026 23:07:46,0.5,"0,5g x Escova (400,00)",0.0,,,200.0,200.0,70.0,130,Pix,,,
443,Finalizado,02/06/2026 21:43:09,,,02/06/2026 21:43:08,0.5,"0,5g x Escova (400,00)",0.0,,,200.0,200.0,70.0,130,Pix,,,
442,Finalizado,02/06/2026 21:38:37,,,02/06/2026 21:38:36,1.22,"1,22g x Escova (400,00)",108.0,,,380.0,380.0,170.79999999999998,209.20000000000002,Pix,,,
441,Finalizado,02/06/2026 21:33:52,,,02/06/2026 21:34:02,1.22,"1,22g x Escova (400,00)",88.0,,,400.0,400.0,170.79999999999998,229.20000000000005,Pix,,,
440,Finalizado,02/06/2026 21:32:49,,,02/06/2026 21:32:48,2.2199999999999998,"1,22g x Escova (400,00)
1x Hidratante 30ml (0,00)",88.0,,,400.0,400.0,180.79999999999998,219.20000000000002,Pix,,,
439,Finalizado,02/06/2026 21:30:32,,,02/06/2026 21:30:31,2.7,"1,7g x Escova (400,00)
1x Hidratante Brinde 30ml (0,00)",280.0,,,400.0,400.0,248.0,152,Pix,,,
438,Finalizado,02/06/2026 21:27:48,,,02/06/2026 23:59:27,0.5,"0,5g x Escova (400,00)",0.0,,,200.0,200.0,70.0,130,Pix,,,Henrik
445,Finalizado,02/06/2026 15:24:18,,,02/06/2026 23:54:41,0.5,"0,5g x Escova (400,00)",0.0,,,200.0,200.0,70.0,130,Pix,,,
437,Finalizado,02/06/2026 13:20:38,,,02/06/2026 13:20:37,0.5,"0,5g x Escova (400,00)",0.0,,,200.0,200.0,70.0,130,Pix,,,
436,Finalizado,02/06/2026 09:44:17,,,02/06/2026 09:44:16,2.2199999999999998,"1,22g x Escova (380,00)
1x Hidratante Brinde 30ml (0,00)",83.6,,,380.0,380.0,180.79999999999998,199.20000000000002,Dinheiro,,,
435,Finalizado,02/06/2026 04:15:07,,,02/06/2026 04:15:06,2,"2g x Escova (300,00)",0.0,,,600.0,600.0,280.0,320,"Dinheiro, Pix",,,
434,Finalizado,01/06/2026 23:09:58,,,01/06/2026 23:16:36,0.5,"0,5g x Escova (400,00)",0.0,,,200.0,200.0,70.0,130,Pix,,,
433,Finalizado,01/06/2026 23:09:40,,,02/06/2026 04:14:27,1,"1g x Escova (380,00)",0.0,,,380.0,380.0,140.0,240,Pix,,,
432,Finalizado,01/06/2026 23:08:59,,,02/06/2026 09:44:35,0.5,"0,5g x Escova (400,00)",0.0,,,200.0,200.0,70.0,130,Dinheiro,,,
431,Finalizado,01/06/2026 22:55:59,,,01/06/2026 22:55:58,0.5,"0,5g x Escova (400,00)",0.0,,,200.0,200.0,70.0,130,Cartão de Crédito,,,
430,Finalizado,01/06/2026 20:19:30,,,01/06/2026 20:19:28,0.5,"0,5g x Escova (400,00)",0.0,,,200.0,200.0,70.0,130,Pix,,,
429,Finalizado,31/05/2026 01:11:55,,,31/05/2026 01:11:53,1,"1g x Brinquedo (380,00)",0.0,,,380.0,380.0,160.0,220,Pix,,,
428,Pendente,31/05/2026 01:09:49,,,,0.5,"0,5g x Brinquedo (400,00)",0.0,,,200.0,0.0,80.0,120,,,,
427,Finalizado,31/05/2026 01:09:29,,,31/05/2026 01:09:28,1,"1g x Brinquedo (380,00)",0.0,,,380.0,380.0,160.0,220,Pix,,,
426,Finalizado,30/05/2026 04:08:16,,,30/05/2026 04:08:15,1.5,"1x Hidratante 30ml (80,00)
0,5g x Escova (400,00)",0.0,,,280.0,280.0,80.0,200,Pix,,,
425,Finalizado,30/05/2026 04:03:05,,,30/05/2026 04:03:04,2,"1g x Escova (380,00)
1g x Desodorante (380,00)",60.0,,,700.0,700.0,290.0,410,Pix,,,
424,Finalizado,30/05/2026 04:01:39,,,30/05/2026 04:01:38,1,"1g x Desodorante (380,00)",0.0,,,380.0,380.0,150.0,230,Dinheiro,,,
423,Finalizado,30/05/2026 01:08:03,,,30/05/2026 01:08:01,1,"1g x Desodorante (380,00)",0.0,,,380.0,380.0,150.0,230,Pix,,,
422,Finalizado,29/05/2026 23:00:10,,,29/05/2026 23:00:09,1,"1g x Desodorante (380,00)",0.0,,,380.0,380.0,150.0,230,Pix,,,
421,Finalizado,29/05/2026 22:21:29,,,29/05/2026 22:21:28,1.5,"0,5g x Escova (400,00)
1x Caneta 15cm (30,00)",0.0,,"10,00",240.0,240.0,84.4,145.6,Pix,,,
420,Finalizado,29/05/2026 19:52:09,,,29/05/2026 19:52:08,0.5,"0,5g x Escova (400,00)",0.0,,,200.0,200.0,70.0,130,Pix,,,
419,Finalizado,29/05/2026 19:51:36,,,29/05/2026 19:51:34,1,"1g x Desodorante (400,00)",0.0,,,400.0,400.0,150.0,250,Pix,,,
418,Finalizado,29/05/2026 19:20:57,,,29/05/2026 23:52:22,1.5,"1,5g x Desodorante (350,00)",25.0,,,500.0,500.0,225.0,275,"Pix, Fiado",,,
417,Finalizado,29/05/2026 18:52:23,,,29/05/2026 18:52:22,3,"3g x Escova (380,00)",40.0,,,1100.0,1100.0,420.0,680,Cartão de Crédito,,,
416,Finalizado,29/05/2026 16:00:34,,,29/05/2026 16:00:34,1,"1g x Escova (380,00)",0.0,,,380.0,380.0,140.0,240,Pix,,,
415,Finalizado,29/05/2026 15:35:54,,,29/05/2026 15:35:52,0.5,"0,5g x Desodorante (400,00)",0.0,,,200.0,200.0,75.0,125,Fiado,,,
414,Finalizado,29/05/2026 14:20:19,,,29/05/2026 14:20:17,1,"1g x Escova (380,00)",0.0,,,380.0,380.0,140.0,240,Pix,,,
413,Finalizado,29/05/2026 14:19:38,,,29/05/2026 14:19:37,0.5,"0,5g x Desodorante (400,00)",0.0,,,200.0,200.0,75.0,125,Pix,,,
412,Finalizado,29/05/2026 14:18:55,,,29/05/2026 14:18:54,1.5,"1g x Escova (340,00)
0,5g x Desodorante (320,00)",0.0,,,500.0,500.0,215.0,285,"Dinheiro, Pix, Fiado",,,
411,Finalizado,29/05/2026 02:53:08,,,29/05/2026 02:53:06,0.5,"0,35g x Escova (400,00)
0,15g x Brinquedo (400,00)",0.0,,,200.0,200.0,73.0,127,Pix,,,
410,Finalizado,29/05/2026 01:12:37,,,29/05/2026 01:12:36,2,"1g x Escova (380,00)
1x Hidratante 30ml (70,00)",0.0,,,450.0,450.0,150.0,300,Pix,,,
408,Finalizado,28/05/2026 23:38:46,,,28/05/2026 23:38:44,1.1,"1,1g x Desodorante (380,00)",8.0,,,410.00000000000006,410.0,165.0,245.00000000000006,Pix,,,
405,Finalizado,28/05/2026 23:15:23,,28/05/2026 00:00:00,28/05/2026 23:15:32,1.875,"0,88g x Escova (400,00)
1x Hidratante 30ml (80,00)",0.0,,,430.0,430.0,132.5,297.5,Pix,,,Reis
406,Finalizado,28/05/2026 22:49:32,,,28/05/2026 22:49:30,1,"1g x Desodorante (300,00)",0.0,,,300.0,300.0,150.0,150,Pix,,,
403,Finalizado,28/05/2026 22:42:42,,,28/05/2026 22:42:41,0.5,"0,5g x Desodorante (440,00)",0.0,,,220.0,220.0,75.0,145,Pix,,,
400,Finalizado,28/05/2026 21:49:07,27/05/2026 00:00:00,27/05/2026 00:00:00,28/05/2026 23:05:44,3,"2g x Escova (140,00)
1g x Desodorante (140,00)",0.0,,"10,00",430.0,430.0,430.0,-10,Pix,,,
399,Finalizado,28/05/2026 21:47:08,,,28/05/2026 21:47:07,5,"4g x Escova (400,00)
1g x Desodorante (440,00)",540.0,,,1500.0,1500.0,710.0,790,Pix,,,
396,Finalizado,28/05/2026 21:40:52,,,28/05/2026 21:40:50,1,"1g x Escova (380,00)",0.0,,,380.0,380.0,140.0,240,Pix,,,
395,Finalizado,28/05/2026 21:28:47,,,28/05/2026 21:28:46,2,"1g x Desodorante (370,00)
1x Caneta 15cm (40,00)",0.0,,,410.0,410.0,164.4,245.6,Pix,,,
394,Finalizado,28/05/2026 21:26:22,,,28/05/2026 21:26:21,1,"1g x Desodorante (300,00)",0.0,10.0,,310.0,310.0,150.0,150,Pix,,,
393,Finalizado,28/05/2026 20:00:57,,,28/05/2026 20:00:56,2,"1g x Desodorante (400,00)
1x Isqueiro Mini (40,00)",50.0,,,390.0,390.0,167.0,223,Pix,,,
384,Finalizado,28/05/2026 16:23:08,,,28/05/2026 23:05:44,0.5,"0,5g x Escova (400,00)",0.0,,,200.0,200.0,70.0,130,Pix,,,
409,Finalizado,28/05/2026 02:56:07,,,29/05/2026 00:17:22,3,"2g x Desodorante (275,00)
1x Caneta 15cm (40,00)",0.0,,,590.0,590.0,314.4,275.6,Outro,,,
397,Finalizado,27/05/2026 23:06:51,,,28/05/2026 23:08:28,0.4,"0,4g x Escova (400,00)",20.0,,,140.0,140.0,56.0,84,Pix,,,Josué
386,Pendente,27/05/2026 23:06:16,,27/05/2026 00:00:00,,0.5,"0,5g x Escova (400,00)",0.0,,,200.0,0.0,70.0,130,,,,
407,Finalizado,27/05/2026 22:54:28,,27/05/2026 00:00:00,28/05/2026 23:04:58,1,"1g x Escova (380,00)",0.0,,,380.0,380.0,140.0,240,Pix,,,
404,Finalizado,27/05/2026 22:44:54,,,29/05/2026 15:39:24,1,"1g x Desodorante (300,00)",0.0,,,300.0,300.0,150.0,150,Pix,,,
402,Finalizado,27/05/2026 22:41:49,,27/05/2026 00:00:00,28/05/2026 23:04:58,1,"1g x Desodorante (300,00)",0.0,,,300.0,300.0,150.0,150,Pix,,,
401,Finalizado,27/05/2026 22:36:12,,,28/05/2026 23:04:58,0.5,"0,5g x Desodorante (440,00)",0.0,,,220.0,220.0,75.0,145,Pix,,,
383,Finalizado,27/05/2026 21:52:19,,27/05/2026 00:00:00,28/05/2026 21:53:14,1,"1g x Desodorante (440,00)",40.0,,,400.0,400.0,150.0,250,"Dinheiro, Pix",,,
398,Finalizado,27/05/2026 21:45:50,,,28/05/2026 23:04:58,1,"0,5g x Escova (400,00)
0,5g x Desodorante (440,00)",70.0,,,350.0,350.0,145.0,205,Pix,,,
392,Finalizado,27/05/2026 19:45:01,27/05/2026 00:00:00,27/05/2026 00:00:00,28/05/2026 23:04:58,1,"1g x Escova (380,00)",0.0,,,380.0,380.0,140.0,240,Pix,,,
391,Finalizado,27/05/2026 19:42:57,,27/05/2026 00:00:00,28/05/2026 23:04:58,0.5,"0,5g x Desodorante (440,00)",0.0,,,220.0,220.0,75.0,145,Pix,,,
390,Finalizado,27/05/2026 19:42:08,27/05/2026 00:00:00,27/05/2026 00:00:00,28/05/2026 23:04:58,1,"1g x Desodorante (300,00)",0.0,,,300.0,300.0,150.0,150,Pix,,,
389,Finalizado,27/05/2026 19:38:35,,27/05/2026 00:00:00,28/05/2026 23:04:58,1,"1g x Escova (380,00)",0.0,,,380.0,380.0,140.0,240,Pix,,,
388,Finalizado,27/05/2026 19:37:25,27/05/2026 00:00:00,27/05/2026 00:00:00,28/05/2026 23:04:58,0.5,"0,5g x Escova (400,00)",0.0,,,200.0,200.0,70.0,130,Pix,,,
387,Finalizado,27/05/2026 19:36:01,27/05/2026 00:00:00,27/05/2026 00:00:00,28/05/2026 23:04:58,1,"1g x Escova (380,00)",0.0,,,380.0,380.0,140.0,240,Pix,,,
376,Finalizado,27/05/2026 17:55:51,,,28/05/2026 17:55:58,2,"1g x Escova (325,00)
1g x Desodorante (325,00)",0.0,,,650.0,650.0,290.0,360,Dinheiro,,,
382,Finalizado,27/05/2026 17:13:39,,,28/05/2026 19:04:02,1,"1g x Desodorante (300,00)",0.0,,,300.0,300.0,150.0,150,Pix,,,
381,Finalizado,27/05/2026 17:12:39,,,27/05/2026 17:22:33,0.5,"0,5g x Escova (400,00)",0.0,,,200.0,200.0,70.0,130,Pix,,,
380,Finalizado,27/05/2026 16:16:54,,,27/05/2026 17:32:14,0.5,"0,3g x Escova (400,00)
0,2g x Desodorante (440,00)",0.0,,,208.0,208.0,72.0,136,Pix,,,
378,Finalizado,27/05/2026 16:15:34,,,27/05/2026 15:50:01,0.5,"0,4g x Escova (400,00)
0,1g x Brinquedo (400,00)",0.0,,,200.0,200.0,72.0,128,"Dinheiro, Pix",,,
379,Finalizado,27/05/2026 16:14:09,,,27/05/2026 16:14:08,1,"1x Hidratante 30ml (80,00)",0.0,,,80.0,80.0,10.0,70,Pix,,,
375,Finalizado,27/05/2026 13:43:43,,,27/05/2026 13:43:43,1,"1g x Escova (380,00)",0.0,,,380.0,380.0,140.0,240,Pix,,,
374,Finalizado,27/05/2026 13:42:17,,,29/05/2026 15:44:10,0.5,"0,5g x Escova (400,00)",0.0,,,200.0,200.0,70.0,130,"Pix, Fiado",,,
377,Finalizado,27/05/2026 00:13:29,,,29/05/2026 00:13:36,1.1,"1g x Desodorante (300,00)
0,1g x Escova (400,00)",40.0,,,300.0,300.0,164.0,136,Pix,,,
373,Finalizado,26/05/2026 21:51:56,,,28/05/2026 23:08:28,1,"1g x Escova (380,00)",0.0,,,380.0,380.0,140.0,240,Pix,,,
372,Finalizado,26/05/2026 21:47:20,,,27/05/2026 13:41:20,0.5,"0,5g x Desodorante (440,00)",0.0,,,220.0,220.0,75.0,145,"Dinheiro, Pix",,,
371,Finalizado,26/05/2026 05:04:54,,,26/05/2026 21:41:30,0.5,"0,5g x Brinquedo (400,00)",50.0,,,150.0,150.0,80.0,70,Pix,,,
370,Finalizado,25/05/2026 23:20:00,,,25/05/2026 23:20:39,0.5,"0,5g x Brinquedo (400,00 - 100,00)",100.0,,,150.0,150.0,80.0,70,Pix,,,
369,Finalizado,25/05/2026 16:39:32,,,25/05/2026 16:33:04,1,"1x Condicionador SP (160,00)",0.0,,,160.0,360.0,130.0,30,"Pix, Dinheiro",,,
368,Finalizado,25/05/2026 15:07:32,,,25/05/2026 15:06:52,1,"1x Condicionador SP (380,00)",0.0,,,380.0,380.0,130.0,250,"Dinheiro, Pix, Dinheiro",,,
366,Finalizado,24/05/2026 19:16:18,,,24/05/2026 19:16:17,1,"1g x Escova (380,00)",0.0,,,380.0,380.0,140.0,240,Pix,,,
365,Finalizado,24/05/2026 18:29:55,,,24/05/2026 18:29:54,1,"1g x Escova (380,00)",0.0,,,380.0,380.0,140.0,240,Dinheiro,,,
364,Finalizado,24/05/2026 06:31:15,,,24/05/2026 06:31:14,2,"2g x Escova (350,00)",10.0,,,690.0,690.0,280.0,410,"Pix, Dinheiro",,,
363,Finalizado,24/05/2026 06:19:54,,,24/05/2026 06:19:53,1,"1g x Escova (380,00)",0.0,,,380.0,380.0,140.0,240,Pix,,,Enviei qrcode
362,Finalizado,24/05/2026 06:19:17,,,24/05/2026 06:20:17,0.5,"0,5g x Escova (400,00)",0.0,,,200.0,200.0,70.0,130,Pix,,,Enviei qrcode 
345,Finalizado,24/05/2026 02:30:34,,,24/05/2026 02:31:22,2,"1g x Escova (400,00 - 20,00)
1x Hidratante Brinde 30ml (0,00)",20.0,,,380.0,380.0,150.0,230,"Pix, Fiado",,,Enviei qrcode
344,Finalizado,23/05/2026 06:29:56,,23/05/2026 00:00:00,24/05/2026 06:30:08,1,"1g x Escova (350,00)",0.0,,,350.0,350.0,140.0,210,Dinheiro,,,Dei 2qrcodw
361,Finalizado,23/05/2026 06:17:03,,23/05/2026 00:00:00,24/05/2026 06:22:20,1,"1x Loção 1G (380,00)",0.0,,,380.0,380.0,142.0,238,Pix,,,Dei 2 qrcode 
360,Finalizado,23/05/2026 06:16:13,,23/05/2026 00:00:00,24/05/2026 06:22:20,1,"1x Hidratante 30ml (80,00)",0.0,,,80.0,80.0,10.0,70,Pix,,,
359,Finalizado,23/05/2026 06:04:14,,23/05/2026 00:00:00,24/05/2026 06:22:20,1,"1g x Escova (380,00)",0.0,,,380.0,380.0,140.0,240,Pix,,,Enviei 2
357,Finalizado,22/05/2026 12:35:02,,,24/05/2026 05:57:10,1,"1x Loção 0.5 (200,00)",0.0,,,200.0,200.0,72.0,128,Dinheiro,,,Enviei qrcode
358,Finalizado,22/05/2026 05:58:51,,22/05/2026 00:00:00,24/05/2026 06:23:53,1,"1x Loção 1G (380,00)",280.0,,,100.0,100.0,142.0,-42,Pix,,,
356,Finalizado,22/05/2026 05:55:44,,22/05/2026 00:00:00,24/05/2026 06:23:53,2,"1x Loção 1G (380,00)
1x Loção 0.5 (200,00)",0.0,,,580.0,580.0,214.0,366,Pix,,,Dei 3 qrcode
354,Finalizado,22/05/2026 05:53:50,,22/05/2026 00:00:00,24/05/2026 06:23:53,1,"1x Hidratante 30ml (80,00)",0.0,,,80.0,80.0,10.0,70,Pix,,,
355,Finalizado,22/05/2026 05:53:19,,22/05/2026 00:00:00,24/05/2026 06:23:53,1,"1x Loção 0.5 (200,00)",0.0,,,200.0,200.0,72.0,128,Pix,,,Dei qrcode
353,Finalizado,22/05/2026 05:44:26,22/05/2026 00:00:00,22/05/2026 00:00:00,24/05/2026 06:23:53,1,"1x Loção 1G (380,00)",0.0,,,380.0,380.0,142.0,238,Pix,,,Enviei qrcode
352,Finalizado,22/05/2026 05:43:25,22/05/2026 00:00:00,22/05/2026 00:00:00,24/05/2026 06:23:53,1,"1x Loção 0.5 (200,00)",0.0,,,200.0,200.0,72.0,128,Pix,,,Enviei qrcode
351,Finalizado,22/05/2026 05:42:00,22/05/2026 00:00:00,22/05/2026 00:00:00,24/05/2026 06:23:53,5,"1x Loção 1G (380,00)
4x Conta-gotas 1ml (5,00)",0.0,,,400.0,400.0,143.64,256.36,Pix,,,
350,Finalizado,22/05/2026 05:38:49,,,24/05/2026 05:37:04,2,"2x Loção 1G (380,00)",0.0,,,760.0,760.0,284.0,476,Pix,,,
343,Finalizado,21/05/2026 23:15:03,,,21/05/2026 23:15:02,0.5,"0,1g x Brinquedo (400,00)
0,4g x Escova (400,00)",0.0,,,200.0,200.0,72.0,128,Fiado,,,Qrcode enviado
349,Finalizado,21/05/2026 05:38:04,,,24/05/2026 04:08:23,1,"1x Loção 1G (380,00)",0.0,,,380.0,380.0,142.0,238,Pix,,,Enviei 2 qrcode
348,Finalizado,21/05/2026 05:37:42,,,24/05/2026 04:03:58,2,"1x Loção 0.5 (200,00)
1x Hidratante 30ml (80,00)",0.0,,"10,00",290.0,290.0,82.0,198,Pix,,,Enviei qrcode
347,Finalizado,21/05/2026 04:01:29,,,24/05/2026 03:59:02,2,"1x Loção 0.5 (200,00)
1x Loção 1G (380,00)",0.0,,,580.0,580.0,214.0,366,Pix,,,Enviei qrcode
346,Finalizado,21/05/2026 03:49:02,21/05/2026 00:00:00,21/05/2026 00:00:00,24/05/2026 03:46:00,1,"1x Loção 1G (380,00)",0.0,,,380.0,380.0,142.0,238,Pix,,,
342,Finalizado,19/05/2026 00:21:37,,,19/05/2026 00:21:35,3,"1g x Escova Pro (200,00)
1x Caneta 15cm (40,00)
1x Hidratante 30ml (80,00)",0.0,,,320.0,320.0,154.4,165.6,Pix,,,
341,Finalizado,18/05/2026 23:23:36,,,18/05/2026 23:23:35,2,"2g x Escova Pro (200,00)",0.0,,,400.0,400.0,260.0,140,Pix,,,
340,Finalizado,18/05/2026 23:21:34,,,18/05/2026 23:21:33,2,"2g x Escova Pro (200,00)",0.0,,,400.0,400.0,260.0,140,Pix,,,
339,Finalizado,18/05/2026 23:20:48,,,18/05/2026 23:20:47,2,"2g x Escova Pro (200,00)",0.0,,,400.0,400.0,260.0,140,Pix,,,
333,Finalizado,18/05/2026 16:13:02,,,18/05/2026 16:13:18,1.5,"0,5g x Sabonete (400,00)
1x Caneta 15cm (40,00)",0.0,,,240.0,240.0,96.9,143.1,"Pix, Fiado",,,
337,Finalizado,18/05/2026 11:05:41,,,18/05/2026 16:11:39,0.25,"0,25g x Sabonete (400,00)",0.0,,,100.0,100.0,41.25,58.75,Pix,,,
336,Finalizado,18/05/2026 11:05:10,,,18/05/2026 11:05:09,0.5,"0,5g x Sabonete (0,00)",0.0,,,0.0,0.01,82.5,-82.5,Dinheiro,,,
335,Finalizado,18/05/2026 11:03:42,,,18/05/2026 11:03:41,0.5,"0,5g x Escova Pro (400,00)",0.0,,,200.0,200.0,65.0,135,Pix,,,
338,Finalizado,18/05/2026 07:16:17,,,18/05/2026 07:16:09,1,"1g x Escova Pro (380,00)",0.0,,,380.0,380.0,130.0,250,Pix,,,335 -> 338
332,Finalizado,17/05/2026 23:43:40,,,17/05/2026 23:43:39,0.5,"0,5g x Sabonete (400,00)",0.0,,,200.0,200.0,82.5,117.5,Cartão de Crédito,,,
331,Finalizado,17/05/2026 23:43:07,,,18/05/2026 16:14:12,1.5,"0,5g x Sabonete (400,00)
1x Medidor 200ml (50,00 - 35,00)",35.0,,"10,00",225.0,225.0,105.75,109.25,"Pix, Pix",,,
330,Finalizado,17/05/2026 21:59:31,,,17/05/2026 21:59:29,0.5,"0,5g x Sabonete (400,00)",0.0,,,200.0,200.0,82.5,117.5,Dinheiro,,,
328,Finalizado,17/05/2026 19:02:54,,,17/05/2026 19:02:53,0.5,"0,5g x Sabonete (400,00)",0.0,,"5,00",205.0,205.0,82.5,117.5,Pix,,,
327,Finalizado,17/05/2026 18:19:21,,,17/05/2026 18:19:20,2,"1g x Sabonete (380,00)
1x Hidratante 30ml (80,00)",10.0,,,450.0,450.0,175.0,275,Pix,,,
326,Finalizado,17/05/2026 17:51:24,,,17/05/2026 17:51:23,0.5,"0,5g x Escova Pro (400,00)",0.0,,,200.0,200.0,65.0,135,Pix,,,
325,Finalizado,17/05/2026 17:21:38,,,17/05/2026 17:21:36,0.5,"0,5g x Escova Pro (400,00)",0.0,,,200.0,200.0,65.0,135,Dinheiro,,,
324,Finalizado,17/05/2026 16:28:25,,,17/05/2026 16:28:24,1,"1g x Escova Pro (380,00)",0.0,,,380.0,380.0,130.0,250,Pix,,,
323,Finalizado,17/05/2026 05:51:24,,,17/05/2026 05:51:22,0.5,"0,5g x Escova Pro (400,00)",55.0,,,145.0,145.0,65.0,80,Pix,,,
321,Finalizado,17/05/2026 04:27:44,,,17/05/2026 04:27:42,0.5,"0,5g x Escova Pro (400,00)",0.0,,"10,00",210.0,210.0,65.0,135,Pix,,,
319,Finalizado,16/05/2026 23:57:14,,,17/05/2026 15:14:31,2,"1g x Sabonete (380,00)
1x Hidratante Brinde 30ml (0,00)",0.0,,,380.0,380.0,175.0,205,Pix,,,
316,Finalizado,16/05/2026 23:51:57,,,16/05/2026 23:58:43,1,"0,45g x Sabonete (380,00)
0,4g x Escova Pro (380,00)
0,15g x Brinquedo (380,00)",0.0,,,380.0,380.0,150.25,229.75,Pix,,,
317,Finalizado,16/05/2026 23:51:21,,,16/05/2026 23:58:30,1.5,"0,5g x Sabonete (400,00)
1x Hidratante Brinde 30ml (0,00)",0.0,,"10,00",210.0,210.0,92.5,107.5,Pix,,,
318,Finalizado,16/05/2026 23:45:33,,,29/05/2026 22:47:38,2,"1g x Sabonete (400,00)
1x Hidratante Brinde 30ml (0,00)",20.0,,,380.0,380.0,175.0,205,"Pix, Pix",,,
315,Finalizado,16/05/2026 22:44:18,,,16/05/2026 23:58:14,2,"0,54g x Sabonete (380,00)
0,46g x Escova Pro (380,00)
1x Hidratante Brinde 15ml (0,00)",0.0,,,380.0,380.0,158.9,221.10000000000001,Pix,,,
314,Finalizado,16/05/2026 21:24:34,,,16/05/2026 21:24:43,2.35,"1x Sabonete - 0.5 G (200,00)
1x Escova - 0.5 G (210,00)
0,2g x Escova Pro (400,00)
0,15g x Brinquedo (400,00)",170.0,,,380.0,380.0,197.5,182.5,Pix,,,
313,Finalizado,16/05/2026 13:52:27,,,16/05/2026 13:52:26,2,"1x Sabonete - 0.5 G (200,00)
1x Caneta 15cm (40,00)",72.0,,,168.0,168.0,96.9,71.1,Pix,,,
312,Finalizado,16/05/2026 13:51:16,,,16/05/2026 21:22:20,3,"1x Sabonete - 0.5 G (200,00)
1x Caneta 15cm (40,00)
1x Hidratante (80,00 - 30,00)",30.0,,,290.0,290.0,104.9,185.1,Pix,,,
311,Finalizado,16/05/2026 12:27:42,,,16/05/2026 12:27:41,0.5,"0,5g x Escova Pro (400,00)",0.0,,,200.0,200.0,65.0,135,Pix,,,
309,Finalizado,16/05/2026 12:20:00,,,16/05/2026 12:19:59,1,"1x Sabonete - 0.5 G (200,00)",0.0,,,200.0,200.0,82.5,117.5,Pix,,,
308,Finalizado,16/05/2026 08:48:01,,,16/05/2026 08:48:00,1,"1x Sabonete - 0.5 G (200,00)",0.0,,"10,00",210.0,210.0,82.5,117.5,Pix,,,
306,Finalizado,16/05/2026 06:20:21,,,16/05/2026 06:20:32,2,"1x Escova - 0.5 G (210,00)
1x Isqueiro Mini (40,00)",30.0,,,220.0,220.0,82.0,138,Pix,,,
305,Finalizado,16/05/2026 06:03:50,,,16/05/2026 06:03:49,1,"1x Sabonete - 1G (380,00)",30.0,,,350.0,350.0,165.0,185,Pix,,,
304,Finalizado,16/05/2026 06:03:22,,,16/05/2026 06:03:21,1,"1x Escova Outlet (380,00)",15.0,,,365.0,365.0,130.0,235,Pix,,,
322,Finalizado,16/05/2026 04:35:15,,16/05/2026 00:00:00,17/05/2026 04:34:26,2,"1g x Escova Pro (380,00)
1x Hidratante Brinde 15ml (0,00)",0.0,,,380.0,380.0,140.0,240,Pix,,,
303,Finalizado,16/05/2026 01:12:07,,,16/05/2026 01:12:06,1,"1x Hidratante (80,00)",0.0,,"20,00",100.0,100.0,8.0,72,Dinheiro,,,
302,Finalizado,15/05/2026 22:09:31,,,16/05/2026 10:16:15,1,"1x Sabonete - 0.5 G (200,00)",0.0,,,200.0,200.0,82.5,117.5,Pix,,,
301,Finalizado,15/05/2026 22:08:21,,,15/05/2026 22:08:20,1,"1x Sabonete - 0.5 G (200,00)",0.0,,"10,00",210.0,210.0,82.5,117.5,Pix,,,
296,Finalizado,15/05/2026 21:34:29,15/05/2026 21:34:00,15/05/2026 21:34:00,16/05/2026 21:34:38,1,"1x Caneta 15cm (40,00)",0.0,,,40.0,40.0,14.4,25.6,Pix,,,
300,Finalizado,15/05/2026 21:01:36,,,16/05/2026 12:30:49,1,"1x Sabonete - 1G (380,00)",0.0,,,380.0,380.0,165.0,215,Pix,,,
295,Finalizado,15/05/2026 19:42:19,,,15/05/2026 19:42:28,2,"1x Sabonete - 0.5 G (200,00)
1x Hidratante (80,00)",0.0,,"10,00",290.0,290.0,90.5,189.5,Pix,,,
297,Finalizado,15/05/2026 19:40:25,,,16/05/2026 12:34:03,1,"1x Sabonete - 1G (380,00)",0.0,,,380.0,380.0,165.0,215,Pix,,,
294,Finalizado,15/05/2026 15:01:47,,,16/05/2026 10:16:27,1,"1x Sabonete - 1G (380,00)",0.0,,,380.0,380.0,165.0,215,Pix,,,
293,Finalizado,15/05/2026 13:00:49,14/05/2026 00:00:00,15/05/2026 00:00:00,16/05/2026 13:00:59,2,"1x Isqueiro Mini (40,00)
1x Caneta 15cm (40,00)",0.0,,,80.0,80.0,31.4,48.6,Pix,,,
299,Finalizado,15/05/2026 12:31:45,,,16/05/2026 12:34:45,2,"1x Sabonete - 1G (380,00)
1x Hidratante (80,00)",10.0,,,450.0,450.0,173.0,277,Pix,,,
310,Finalizado,15/05/2026 12:22:22,,,16/05/2026 12:22:01,1,"1x Sabonete - 1G (380,00)",0.0,,,380.0,380.0,165.0,215,Pix,,,
307,Finalizado,15/05/2026 12:03:29,15/05/2026 00:00:00,15/05/2026 00:00:00,16/05/2026 08:24:23,1,"1x Sabonete - 0.5 G (200,00)",0.0,,,200.0,200.0,82.5,117.5,Pix,,,
292,Finalizado,14/05/2026 18:37:26,,,14/05/2026 18:37:26,1,"1x Escova - 0.5 G (210,00)",0.0,,,210.0,210.0,65.0,145,"Dinheiro, Fiado",,,
290,Finalizado,14/05/2026 14:46:00,,,14/05/2026 14:45:58,1,"1x Escova - 0.5 G (210,00)",0.0,,,210.0,210.0,65.0,145,Pix,,,
289,Finalizado,14/05/2026 14:33:02,,,14/05/2026 14:33:01,1,"1x Sabonete - 1G (380,00)",0.0,,,380.0,380.0,165.0,215,Pix,,,
298,Finalizado,14/05/2026 12:33:30,,14/05/2026 00:00:00,16/05/2026 12:32:33,3,"1x Escova - 0.5 G (210,00)
2x Sabonete - 0.1 G (40,00)",80.0,,,210.0,290.0,98.0,112,Pix,,,
288,Finalizado,14/05/2026 12:12:01,,,14/05/2026 12:12:00,1,"1x Escova - 0.5 G (210,00)",0.0,,,210.0,210.0,65.0,145,Pix,,,
291,Finalizado,14/05/2026 10:18:13,,,16/05/2026 10:18:21,1,"1x Sabonete - 0.5 G (200,00)",0.0,,,200.0,200.0,82.5,117.5,Pix,,,
287,Finalizado,13/05/2026 21:23:22,,,13/05/2026 21:23:21,1,"1x Escova - 0.5 G (210,00)",0.0,,,210.0,210.0,65.0,145,Pix,,,
286,Finalizado,13/05/2026 21:18:31,,,13/05/2026 21:18:29,1,"1x Escova - 0.5 G (210,00)",0.0,,"10,00",220.0,220.0,65.0,145,"Pix, Fiado",,,
285,Finalizado,13/05/2026 21:12:09,,,13/05/2026 21:12:07,2,"1x Escova - 0.5 G (210,00)
1x Hidratante (80,00 - 30,00)",30.0,,,260.0,260.0,73.0,187,Dinheiro,,,
284,Finalizado,13/05/2026 21:11:02,,,13/05/2026 21:11:00,1,"1x Escova - 0.5 G (210,00 - 60,00)",60.0,,,150.0,150.0,65.0,85,Cartão de Crédito,,,
283,Finalizado,13/05/2026 21:01:41,,,13/05/2026 21:01:40,1,"1x Escova - 1G (400,00)",0.0,,,400.0,400.0,130.0,270,Pix,,,
282,Finalizado,13/05/2026 20:13:34,,,13/05/2026 20:13:32,1,"1x Escova - 0.5 G (210,00)",0.0,,,210.0,210.0,65.0,145,Pix,,,
281,Finalizado,13/05/2026 16:40:58,,,13/05/2026 16:40:57,1,"1g x Escova - Meio G (210,00)",0.0,,,210.0,210.0,130.0,80,Pix,,,
280,Finalizado,13/05/2026 16:26:34,,,13/05/2026 16:26:33,1,"1x Sabonete Brinde (0,00)",0.0,,,0.0,0.0,165.0,-165,Dinheiro,,,
278,Finalizado,12/05/2026 22:17:44,,,12/05/2026 22:50:55,6,"1g x Escova - 1g (400,00)
4x Conta-gotas 1ml (5,00)
1x Caneta 10cm (30,00)",0.0,,,450.0,450.0,148.79000000000002,301.209999999999998,Pix,,,
279,Finalizado,12/05/2026 21:47:28,,,12/05/2026 21:47:26,5,"1g x Escova - 1g (400,00)
3x Conta-gotas 1ml (5,00)
1x Caneta Curva (45,00 - 5,00)",5.0,,,455.0,455.0,156.97,298.03,Pix,,,
277,Finalizado,12/05/2026 20:31:14,,,12/05/2026 22:18:37,3,"1g x Escova - Meio G (210,00)
1x Caneta Curva (45,00)
1x Hidratante (80,00 - 5,00)",5.0,,,330.0,330.0,157.5,172.5,"Dinheiro, Fiado",,,
275,Finalizado,12/05/2026 19:01:05,,,12/05/2026 19:01:04,1,"1g x Escova - Meio G (210,00)",0.0,,,210.0,210.0,130.0,80,Pix,,,
276,Finalizado,12/05/2026 13:02:56,12/05/2026 00:00:00,12/05/2026 00:00:00,16/05/2026 13:03:06,1,"1g x Escova - Meio G (210,00)",0.0,,,210.0,210.0,65.0,145,Pix,,,
274,Finalizado,12/05/2026 08:41:11,,,12/05/2026 08:41:10,2,"1g x Escova - Meio G (210,00)
1x Caneta 10cm (30,00)",15.0,,,225.0,225.0,142.99,82.00999999999999,Pix,,,
273,Finalizado,12/05/2026 04:53:07,,,12/05/2026 04:53:06,0.5,"0,5g x Produto Especial - Modelo Escova (420,00)",0.0,,,210.0,210.0,65.0,145,Pix,,,
272,Finalizado,11/05/2026 20:04:08,,,11/05/2026 20:04:07,0.5,"0,5g x Produto Especial - Modelo Mascara (380,00 - 180,00)",180.0,,,100.0,100.0,82.5,17.5,Dinheiro,,,
271,Finalizado,11/05/2026 20:03:32,,,11/05/2026 20:03:31,1,"1g x Produto Especial - Modelo Mascara (380,00 - 215,00)",215.0,,,165.0,165.0,165.0,0,Pix,,,
270,Finalizado,11/05/2026 19:40:02,,,11/05/2026 19:40:00,0.5,"0,5g x Produto Especial - Modelo Escova (400,00)",0.0,,,200.0,200.0,65.0,135,Dinheiro,,,
269,Finalizado,11/05/2026 18:53:29,,,11/05/2026 18:53:28,0.5,"0,5g x Produto Especial - Modelo Escova (400,00)",0.0,,"10,00",210.0,210.0,65.0,135,Pix,,,
268,Finalizado,11/05/2026 18:52:36,,,11/05/2026 18:52:34,1,"1g x Produto Especial - Modelo Escova (380,00)",0.0,,,380.0,380.0,130.0,250,Pix,,,
267,Finalizado,11/05/2026 18:50:43,,,11/05/2026 18:50:42,0.5,"0,5g x Produto Especial - Modelo Escova (400,00)",0.0,,,200.0,200.0,65.0,135,Pix,,,
266,Finalizado,11/05/2026 18:20:39,,,11/05/2026 18:20:38,1,"1g x Produto Especial - Modelo Escova (380,00)",0.0,,,380.0,380.0,130.0,250,Pix,,,
262,Finalizado,10/05/2026 21:20:30,,,13/05/2026 21:20:52,1,"1x Escova - 1G (400,00 - 20,00)",20.0,,,380.0,380.0,130.0,250,"Pix, Fiado",,,
265,Finalizado,10/05/2026 20:27:40,,,10/05/2026 20:27:39,0.5,"0,5g x Produto Especial - Modelo Escova (400,00)",0.0,,"10,00",210.0,210.0,65.0,135,Pix,,,
264,Finalizado,10/05/2026 19:37:26,,,10/05/2026 19:37:24,2,"0,8g x Produto Especial - Modelo Mascara (380,00 - 130,00)
1,2g x Produto Especial - Modelo Escova (380,00 - 130,00)",260.0,,,500.0,500.0,288.0,212,Pix,,,
263,Finalizado,10/05/2026 18:38:28,,,10/05/2026 18:38:27,0.5,"0,5g x Produto Especial - Modelo Escova (400,00)",0.0,,"10,00",210.0,210.0,65.0,135,Pix,,,
261,Finalizado,10/05/2026 18:10:21,,,10/05/2026 18:10:19,0.5,"0,5g x Produto Especial - Modelo Escova (400,00)",0.0,,,200.0,200.0,65.0,135,Pix,,,
260,Finalizado,10/05/2026 14:34:38,,,10/05/2026 14:34:37,1,"1g x Produto Especial - Modelo Escova (380,00)",0.0,,,380.0,380.0,130.0,250,Pix,,,
259,Finalizado,10/05/2026 14:33:51,,,10/05/2026 13:59:11,0.5,"0,5g x Produto Especial - Modelo Escova (400,00)",0.0,,,200.0,200.0,65.0,135,Pix,,,
258,Finalizado,10/05/2026 08:21:43,,,10/05/2026 08:21:41,1,"1g x Produto Especial - Modelo Escova (380,00)",0.0,,,380.0,380.0,130.0,250,Pix,,,
257,Finalizado,10/05/2026 06:01:45,,,10/05/2026 06:01:44,1,"1g x Produto Especial - Modelo Escova (380,00)",0.0,,,380.0,380.0,130.0,250,Pix,,,
256,Finalizado,10/05/2026 03:56:39,,,10/05/2026 03:56:35,0.4,"0,4g x Produto Especial - Modelo Escova (380,00 - 380,00)",380.0,,,0.0,0.01,52.0,-52,Dinheiro,,,
255,Finalizado,10/05/2026 00:38:54,,,10/05/2026 00:38:53,0.5,"0,5g x Produto Especial - Modelo Escova (400,00)",0.0,,,200.0,200.0,65.0,135,Pix,,,
254,Finalizado,10/05/2026 00:36:24,,,10/05/2026 00:36:23,1.5,"0,5g x Produto Especial - Modelo Escova (400,00)
1x Conta-gotas 1ml (5,00)",0.0,,"10,00",215.0,215.0,67.49,137.51,Pix,,,
253,Finalizado,10/05/2026 00:16:35,,,10/05/2026 00:16:34,2.5,"0,5g x Produto Especial - Modelo Escova (400,00)
1x Isqueiro Grande (50,00)
1x Medidor 25g (0,00)",70.0,,"10,00",190.0,190.0,90.33999999999999,89.66000000000001,Pix,,,
252,Finalizado,09/05/2026 23:45:41,,,09/05/2026 23:45:40,1.1157894736842104,"0,12g x Produto Especial - Modelo Escova (380,00)
1x Hidratante (80,00)",0.0,,,124.0,124.0,23.05263157894737,100.94736842105263,Pix,,,
251,Finalizado,09/05/2026 23:26:14,,,09/05/2026 23:26:13,1,"0,77g x Produto Especial - Modelo Escova (380,00)
0,23g x Produto Especial - Modelo Mascara (380,00)",0.0,,,380.0,380.0,138.05,241.95,Pix,,,
250,Finalizado,09/05/2026 22:20:02,,,09/05/2026 22:20:00,0.5,"0,5g x Produto Especial - Modelo Escova (400,00)",0.0,,,200.0,200.0,65.0,135,Pix,,,
246,Finalizado,09/05/2026 22:01:25,,,09/05/2026 21:44:28,1,"1g x Produto Especial - Modelo Escova (380,00)",0.0,,,380.0,380.0,130.0,250,Pix,,,
247,Finalizado,09/05/2026 21:42:38,,,09/05/2026 21:43:08,1,"1g x Produto Especial - Modelo Escova (380,00)",0.0,,,380.0,380.0,130.0,250,Pix,,,
249,Finalizado,09/05/2026 21:41:57,,,09/05/2026 21:41:56,1,"1g x Produto Especial - Modelo Escova (380,00)",0.0,,,380.0,380.0,130.0,250,Pix,,,
248,Finalizado,09/05/2026 21:29:42,,,09/05/2026 21:44:09,0.5,"0,5g x Produto Especial - Modelo Escova (400,00)",0.0,,"10,00",210.0,210.0,65.0,135,Pix,,,
245,Finalizado,09/05/2026 21:10:41,,,09/05/2026 21:10:40,1,"0,5g x Produto Especial - Modelo Mascara (380,00 - 80,00)
0,5g x Produto Especial - Modelo Escova (380,00 - 80,00)",160.0,,,300.0,300.0,147.5,152.5,Fiado,,,
244,Finalizado,09/05/2026 09:23:10,,,09/05/2026 09:23:09,0.7,"0,5g x Produto Especial - Modelo Brinquedo (380,00)
0,2g x Produto Especial - Modelo Mascara (380,00)",116.0,,,150.0,150.0,103.0,47,Pix,,,
243,Finalizado,09/05/2026 07:16:50,,,09/05/2026 08:02:40,0.5,"0,5g x Produto Especial - Modelo Mascara (400,00)",0.0,,"10,00",210.0,210.0,82.5,117.5,Pix,,,
242,Finalizado,09/05/2026 07:16:13,,,09/05/2026 08:02:20,0.5,"0,5g x Produto Especial - Modelo Mascara (400,00)",0.0,,"10,00",210.0,210.0,82.5,117.5,Pix,,,
241,Finalizado,09/05/2026 03:25:55,,,09/05/2026 03:25:54,2,"2g x Produto Especial - Modelo Mascara (380,00)",0.0,,,760.0,760.0,330.0,430,Fiado,,,
240,Finalizado,09/05/2026 00:10:00,,,09/05/2026 00:09:59,3,"0,5g x Produto Especial - Modelo Mascara (380,00)
0,5g x Produto Especial - Modelo Brinquedo (380,00)
1x Hidratante (80,00)
1x Medidor 25g (0,00)",10.0,,,450.0,450.0,155.49,294.51,Dinheiro,,,
239,Finalizado,08/05/2026 23:48:05,,,08/05/2026 23:48:04,1,"1g x Produto Especial - Modelo Brinquedo (380,00)",0.0,,,380.0,380.0,120.0,260,Pix,,,
238,Finalizado,08/05/2026 23:34:14,,,08/05/2026 23:34:13,0.5,"0,5g x Produto Especial - Modelo Brinquedo (400,00)",0.0,,"10,00",210.0,210.0,60.0,140,Pix,,,
237,Finalizado,08/05/2026 21:08:25,,,08/05/2026 21:06:28,2,"1g x Produto Especial - Modelo Mascara (380,00)
1g x Produto Especial - Modelo Brinquedo (380,00)",0.0,,,760.0,760.0,285.0,475,Pix,,,
234,Finalizado,08/05/2026 20:12:41,,,08/05/2026 18:46:10,3,"1g x Produto Especial - Modelo Mascara (380,00)
1x Hidratante (80,00 - 10,00)
1x Caneta Curva (45,00 - 15,00)",25.0,,,480.0,480.0,194.5,285.5,"Dinheiro, Fiado",,,
236,Finalizado,08/05/2026 20:05:44,,,08/05/2026 20:05:43,2,"1g x Produto Especial - Modelo Mascara (380,00)
1x Caneta 10cm (30,00)",0.0,,,410.0,410.0,177.99,232.01,Pix,,,
235,Finalizado,08/05/2026 19:59:30,,,08/05/2026 19:59:29,0.5,"0,5g x Produto Especial - Modelo Mascara (400,00)",0.0,,"10,00",210.0,210.0,82.5,117.5,Pix,,,
233,Finalizado,08/05/2026 18:43:21,,,08/05/2026 18:43:20,0.25,"0,25g x Produto Especial - Modelo Mascara (400,00)",0.0,,,100.0,100.0,41.25,58.75,Pix,,,
232,Finalizado,08/05/2026 16:33:36,,,08/05/2026 16:33:34,1,"1g x Produto Especial - Modelo Mascara (380,00)",0.0,,,380.0,380.0,165.0,215,Pix,,,
231,Finalizado,08/05/2026 15:41:26,,,08/05/2026 15:41:24,0.5,"0,5g x Produto Especial - Modelo Brinquedo (400,00)",0.0,,"10,00",210.0,210.0,60.0,140,Pix,,,
230,Finalizado,08/05/2026 12:59:07,,,08/05/2026 12:59:06,1,"1g x Produto Especial - Modelo Brinquedo (380,00)",0.0,,,380.0,380.0,120.0,260,Pix,,,
229,Finalizado,08/05/2026 04:35:51,,,08/05/2026 04:35:50,1,"1g x Produto Especial - Modelo Brinquedo (380,00)",0.0,,,380.0,380.0,120.0,260,Pix,,,
228,Finalizado,08/05/2026 04:34:06,,,08/05/2026 04:34:05,1,"1g x Produto Especial - Modelo Brinquedo (389,00)",0.0,,,389.0,389.0,120.0,269,Pix,,,
227,Finalizado,08/05/2026 00:52:30,,,08/05/2026 00:52:29,0.75,"0,75g x Produto Especial - Modelo Mascara (380,00)",85.0,,,200.0,200.0,123.75,76.25,Dinheiro,,,
226,Finalizado,07/05/2026 20:50:21,,,07/05/2026 20:50:20,0.5,"0,5g x Produto Especial - Modelo Mascara (400,00)",0.0,,,200.0,200.0,82.5,117.5,Dinheiro,,,
225,Finalizado,07/05/2026 20:38:26,,,07/05/2026 20:38:25,0.5,"0,5g x Produto Especial - Modelo Brinquedo (400,00)",0.0,,,200.0,200.0,60.0,140,Pix,,,
224,Finalizado,07/05/2026 17:25:12,,,07/05/2026 17:25:10,0.5,"0,5g x Produto Especial - Modelo Mascara (400,00)",0.0,,"10,00",210.0,210.0,82.5,117.5,Pix,,,
223,Finalizado,07/05/2026 15:58:53,,,07/05/2026 15:58:52,0.5,"0,5g x Produto Especial - Modelo Mascara (400,00)",0.0,,"10,00",210.0,210.0,82.5,117.5,Pix,,,
222,Finalizado,07/05/2026 15:56:26,,,07/05/2026 15:56:25,0.5,"0,5g x Produto Especial - Modelo Mascara (400,00)",0.0,,"10,00",210.0,210.0,60.0,140,Pix,,,
221,Finalizado,07/05/2026 15:55:45,,,07/05/2026 15:55:44,0.5,"0,5g x Produto Especial - Modelo Brinquedo (400,00)",0.0,,,200.0,200.0,60.0,140,Pix,,,
220,Finalizado,07/05/2026 11:45:19,,,07/05/2026 11:45:18,1,"1g x Produto Especial - Modelo Mascara (380,00)",0.0,,,380.0,380.0,120.0,260,Pix,,,
219,Finalizado,07/05/2026 06:20:45,,,07/05/2026 06:20:44,0.5,"0,5g x Produto Especial - Modelo Brinquedo (400,00)",0.0,,,200.0,200.0,60.0,140,Pix,,,
218,Finalizado,07/05/2026 04:58:50,,,07/05/2026 04:58:49,1,"1g x Produto Especial - Modelo Mascara (380,00)",30.0,,,350.0,350.0,120.0,230,Pix,,,
217,Finalizado,07/05/2026 04:58:19,,,07/05/2026 04:58:18,0.5,"0,5g x Produto Especial - Modelo Brinquedo (400,00)",0.0,,"10,00",210.0,210.0,60.0,140,Pix,,,
216,Finalizado,07/05/2026 02:40:59,,,07/05/2026 03:55:46,1,"1g x Produto Especial - Modelo Mascara (380,00)",0.0,,,380.0,380.0,120.0,260,Pix,,,
215,Finalizado,07/05/2026 00:36:02,,,07/05/2026 00:36:01,3,"0,5g x Produto Especial - Modelo Brinquedo (380,00)
0,5g x Produto Especial - Modelo Mascara (380,00)
1x Caneta 15cm (40,00)
1x Isqueiro Grande (50,00)",0.0,,,470.0,470.0,154.75,315.25,Pix,,,
214,Finalizado,07/05/2026 00:16:05,,,07/05/2026 00:16:04,1,"1g x Produto Especial - Modelo Mascara (380,00)",20.0,,,360.0,360.0,120.0,240,Pix,,,
213,Finalizado,06/05/2026 21:18:55,,,06/05/2026 21:27:23,1,"1g x Produto Especial - Modelo Brinquedo (380,00)",0.0,,,380.0,380.0,120.0,260,Pix,,,
212,Finalizado,06/05/2026 21:18:13,,,06/05/2026 21:18:12,0.5,"0,5g x Produto Especial - Modelo Brinquedo (400,00)",0.0,,,200.0,200.0,60.0,140,Dinheiro,,,
211,Finalizado,06/05/2026 21:16:51,,,06/05/2026 21:16:50,1.5,"0,5g x Produto Especial - Modelo Brinquedo (400,00)
1x (Sem descrição) (10,00)",0.0,,,210.0,210.0,60.0,150,Pix,,,
210,Finalizado,06/05/2026 21:13:58,,,06/05/2026 21:13:57,1,"1g x Produto Especial - Modelo Brinquedo (380,00)",0.0,,,380.0,380.0,120.0,260,Pix,,,
205,Finalizado,06/05/2026 20:52:23,,,06/05/2026 15:55:06,0.5,"0,5g x Produto Especial - Modelo Brinquedo (400,00)",0.0,,,200.0,200.0,60.0,140,Pix,,,
207,Finalizado,06/05/2026 20:51:43,,,06/05/2026 16:27:21,1,"1g x Produto Especial - Modelo Brinquedo (380,00)",0.0,,,380.0,380.0,120.0,260,Pix,,,
208,Finalizado,06/05/2026 20:51:10,,,06/05/2026 18:23:23,3,"1x Hidratante (80,00 - 40,00)
2g x Produto Especial - Modelo Brinquedo (380,00)",40.0,,,800.0,800.0,250.0,550,"Pix, Pix",,,
209,Finalizado,06/05/2026 20:49:38,,,06/05/2026 18:30:47,0.5,"0,5g x Produto Especial - Modelo Brinquedo (380,00)",90.0,,,100.0,100.0,60.0,40,Fiado,,,
204,Finalizado,06/05/2026 20:35:27,,,06/05/2026 14:48:33,1.5,"1x Caneta 10cm (30,00)
0,5g x Produto Especial - Modelo Brinquedo (400,00)",0.0,,,230.0,230.0,72.99,157.01,Pix,,,
206,Finalizado,06/05/2026 16:26:50,,,06/05/2026 16:26:49,3.5,"0,5g x Produto Especial - Modelo Mascara (400,00)
1x Embalagem - Ziplock (0,00)
1x Embalagem - Sacola Plástico Branca (0,00)
1x Caneta 15cm (40,00)",0.0,,,240.0,240.0,74.77,165.23000000000002,Pix,,,
202,Finalizado,06/05/2026 02:38:42,,,06/05/2026 02:38:41,0.5,"0,5g x Produto Especial - Modelo Mascara (400,00)",0.0,,,200.0,200.0,60.0,140,Pix,,,
200,Finalizado,05/05/2026 22:02:43,,,05/05/2026 22:02:42,2.5,"0,5g x Produto Especial - Bom (400,00)
1x Embalagem - Sacola Plástico Branca (0,00)
1x Embalagem - Ziplock (0,00)",0.0,,,200.0,200.0,60.37,139.63,Pix,,,
199,Finalizado,05/05/2026 22:01:49,,,05/05/2026 22:01:48,3,"1g x Produto Especial - Bom (380,00)
1x Embalagem - Sacola Plástico Branca (0,00)
1x Embalagem - Ziplock (0,00)",0.0,,,380.0,380.0,120.37,259.63,Pix,,,
198,Finalizado,05/05/2026 21:56:19,,,05/05/2026 21:56:18,3,"1g x Produto Especial - Astronauta  (380,00)
1x Embalagem - Ziplock (0,00)
1x Embalagem - Sacola Plástico Branca (0,00)",60.0,,,320.0,320.0,130.37,189.63,Pix,,,
197,Finalizado,05/05/2026 19:51:33,,,05/05/2026 19:51:32,2.5,"0,5g x Produto Especial - Modelo Mascara (400,00)
1x Embalagem - Sacola Plástico Branca (0,00)
1x Embalagem - Ziplock (0,00)",0.0,,,200.0,200.0,60.37,139.63,Pix,,,
196,Finalizado,05/05/2026 19:49:01,,,05/05/2026 19:48:26,2.5,"0,5g x Produto Especial - Modelo Mascara (400,00)
1x Embalagem - Sacola Plástico Branca (0,00)
1x Embalagem - Ziplock (0,00)",0.0,,,200.0,200.0,60.37,139.63,Pix,,,
195,Finalizado,05/05/2026 17:15:30,,,05/05/2026 17:15:29,2,"0,5g x Produto Especial - Bom (400,00)
0,5g x Produto Especial - Modelo Mascara (400,00)
1x Embalagem - Ziplock (0,00)",0.0,,,400.0,400.0,120.37,279.63,Pix,,,
194,Finalizado,05/05/2026 17:13:47,,,05/05/2026 17:13:46,2.5,"0,5g x Produto Especial - Modelo Mascara (400,00)
1x Embalagem - Sacola Plástico Branca (0,00)
1x Embalagem - Ziplock (0,00)",0.0,,,200.0,200.0,60.37,139.63,Pix,,,
201,Finalizado,05/05/2026 02:35:24,05/05/2026 02:35:00,05/05/2026 02:35:00,06/05/2026 02:35:03,2,"1g x Produto Especial - Bom (380,00)
1x Embalagem - Ziplock (0,00)",0.0,,,380.0,380.0,160.37,219.63,Pix,,,
193,Finalizado,04/05/2026 21:48:04,,,04/05/2026 22:30:29,3,"1g x Produto Especial - Bom (380,00)
1g x Produto Especial - Modelo Mascara (380,00)
1x Medidor 25g (0,00)",260.0,,,500.0,500.0,244.99,255.01,Dinheiro,,,
192,Finalizado,04/05/2026 21:05:15,,,04/05/2026 22:29:18,2.5,"0,5g x Produto Especial - Bom (400,00)
1x Embalagem - Sacola Plástico Branca (0,00)
1x Embalagem - Ziplock (0,00)",0.0,,,200.0,200.0,60.37,139.63,Pix,,,
191,Finalizado,04/05/2026 19:34:13,,,04/05/2026 19:34:10,0.5,"0,5g x Produto Especial - Modelo Mascara (400,00)",0.0,,,200.0,200.0,60.0,140,Pix,,,
190,Finalizado,04/05/2026 19:33:19,,,04/05/2026 19:33:18,1.5,"0,5g x Produto Especial - Bom (400,00)
1x Embalagem - Ziplock (0,00)",0.0,,,200.0,200.0,60.37,139.63,Fiado,,,
189,Finalizado,04/05/2026 15:25:19,,,04/05/2026 15:25:14,4,"1g x Produto Especial - Astronauta  (380,00 - 70,00)
1x Kit dental (0,00)
1x Kit sabonete shampoo (0,00)
1x Medidor 25g (0,00)",70.0,,,310.0,310.0,137.5,172.5,Pix,,,
188,Finalizado,04/05/2026 15:23:27,,,04/05/2026 15:23:26,1.5,"0,5g x Produto Especial - Bom (400,00)
1x Embalagem - Ziplock (0,00)",0.0,,,200.0,200.0,60.37,139.63,Pix,,,
187,Finalizado,04/05/2026 08:50:48,,,04/05/2026 08:50:47,4,"1g x Produto Especial - Bom (380,00)
1x Caneta 15cm (40,00)
1x Embalagem - Ziplock (0,00)
1x Embalagem - Sacola Plástico Branca (0,00)",0.0,,,420.0,420.0,134.77,285.23,Pix,,,
186,Finalizado,04/05/2026 08:49:47,,,04/05/2026 08:49:46,2.6,"0,6g x Produto Especial - Bom (400,00)
1x Embalagem - Sacola Plástico Branca (0,00)
1x Embalagem - Ziplock (0,00)",40.0,,,200.0,200.0,72.37,127.63,Pix,,,
184,Finalizado,03/05/2026 22:29:10,,,03/05/2026 22:29:09,2.5,"0,5g x Produto Especial - Bom (400,00)
1x Embalagem - Ziplock (0,00)
1x Embalagem - Sacola Plástico Branca (0,00)",0.0,,,200.0,200.0,60.37,139.63,Pix,,,
183,Finalizado,03/05/2026 19:59:44,,,03/05/2026 19:59:43,2.5,"0,5g x Produto Especial - Astronauta  (400,00)
1x Embalagem - Ziplock (0,00)
1x Embalagem - Sacola Plástico Branca (0,00)",50.0,,,150.0,150.0,65.37,84.63,Pix,,,
182,Finalizado,03/05/2026 19:57:04,,,03/05/2026 19:57:03,1.5,"0,3g x Produto Especial - Bom (400,00)
0,2g x Produto Especial - Astronauta  (400,00)
1x Embalagem - Ziplock (0,00)",0.0,,,200.0,200.0,62.37,137.63,"Dinheiro, Pix",,,
181,Finalizado,03/05/2026 19:55:01,,,03/05/2026 19:54:59,2,"0,8g x Produto Especial - Bom (380,00)
0,2g x Produto Especial - Astronauta  (380,00)
1x Medidor 25g (0,00)",0.0,,,380.0,380.0,126.99,253.01,Pix,,,
179,Finalizado,03/05/2026 19:50:42,,,03/05/2026 19:50:40,0.5,"0,4g x Produto Especial - Bom (400,00)
0,1g x Produto Especial - Astronauta  (400,00)",100.0,,,100.0,100.0,61.0,39,Fiado,,,
178,Finalizado,03/05/2026 13:50:49,,,03/05/2026 13:50:48,4,"1g x Produto Especial - Bom (380,00)
1x Embalagem - Sacola Plástico Branca (0,00)
1x Embalagem - Ziplock (0,00)
1x Isqueiro Mini (40,00)",0.0,,,420.0,420.0,137.37,282.63,Pix,,,
177,Finalizado,03/05/2026 12:47:17,,,03/05/2026 12:47:16,1.5,"0,5g x Produto Especial - Bom (400,00)
1x Embalagem - Ziplock (0,00)",0.0,,,200.0,200.0,60.37,139.63,Pix,,,
203,Finalizado,03/05/2026 10:55:28,03/05/2026 10:55:00,06/05/2026 10:55:00,06/05/2026 10:52:20,4,"3g x Produto Especial - Astronauta  (380,00 - 180,00)
1x Embalagem - Ziplock (0,00)",180.0,,,600.0,600.0,390.37,209.63,Pix,,,
175,Finalizado,03/05/2026 10:47:36,,,03/05/2026 10:47:43,4,"0,31g x Produto Especial - Modelo Mascara (380,00)
0,19g x Produto Especial - Astronauta  (380,00)
0,5g x Produto Especial - Bom (380,00)
1x Embalagem - Sacola Plástico Branca (0,00)
2x Embalagem - Ziplock (0,00)",30.0,,,350.0,350.0,118.83999999999999,231.160000000000004,Pix,,,
176,Finalizado,03/05/2026 08:27:21,,,03/05/2026 08:48:02,3.6100000000000003,"1,61g x Produto Especial - Modelo Mascara (380,00)
1x Embalagem - Ziplock (0,00)
1x Embalagem - Sacola Plástico Branca (0,00)",41.8,,,570.0,570.0,193.57000000000002,376.43,Fiado,,,
174,Finalizado,03/05/2026 05:21:31,,,03/05/2026 05:21:30,5.5,"0,5g x Produto Especial - Bom (400,00)
1x Embalagem - Sacola Plástico Branca (0,00)
1x Embalagem - Ziplock (0,00)
1x Medidor 25g (0,00)
1x Vitamina C - Teuto 4 comp (0,00)
1x Sabonete - Nivea lavanda (0,00)",0.0,10.0,,210.0,210.0,71.89,128.11,Pix,,,
173,Finalizado,03/05/2026 02:37:28,,,03/05/2026 02:37:27,1.5,"0,5g x Produto Especial - Bom (400,00)
1x Hidratante (75,00)",0.0,,,275.0,275.0,70.0,205,Pix,,,
172,Finalizado,03/05/2026 02:22:13,,,03/05/2026 02:22:11,1,"1x Caneta Curva (45,00)",0.0,,,45.0,45.0,19.5,25.5,Pix,,,
171,Finalizado,03/05/2026 02:19:39,,,03/05/2026 02:19:38,3,"2g x Produto Especial - Astronauta  (380,00)
1x Embalagem - Ziplock (0,00)",310.0,,,450.0,450.0,220.37,229.63,Pix,,,
170,Finalizado,03/05/2026 00:40:24,,,03/05/2026 00:40:22,1,"1x Hidratante (110,00)",0.0,,,110.0,110.0,10.0,100,Pix,,,
169,Finalizado,03/05/2026 00:38:43,,,03/05/2026 00:38:41,2,"1g x Produto Especial - Bom (380,00)
1x Hidratante (110,00)",0.0,,,490.0,490.0,130.0,360,Pix,,,
168,Finalizado,02/05/2026 22:08:40,,,02/05/2026 22:08:39,3,"1g x Produto Especial - Astronauta  (380,00 - 70,00)
1x Embalagem - Sacola Plástico Branca (0,00)
1x Embalagem - Ziplock (0,00)",70.0,,,310.0,310.0,110.37,199.63,"Pix, Fiado",,,
167,Finalizado,02/05/2026 19:14:10,,,02/05/2026 19:14:09,3,"1g x Produto Especial - Bom (380,00)
1x Embalagem - Sacola Plástico Branca (0,00)
1x Embalagem - Ziplock (0,00)",0.0,,,380.0,380.0,140.37,239.63,Pix,,,
166,Finalizado,02/05/2026 16:20:47,,,02/05/2026 16:20:46,2.68,"0,68g x Produto Especial - Bom (400,00)
1x Embalagem - Sacola Plástico Branca (0,00)
1x Embalagem - Ziplock (0,00)",72.0,,,200.0,200.0,109.17000000000002,90.82999999999998,Pix,,,
165,Finalizado,02/05/2026 15:58:53,,,02/05/2026 15:58:52,3.5,"0,5g x Produto Especial - Modelo Mascara (400,00)
1x Embalagem - Sacola Plástico Branca (0,00)
1x Embalagem - Ziplock (0,00)
1x Água Tônica (5,00 - 5,00)",5.0,,,200.0,200.0,62.169999999999995,137.83,Pix,,,
164,Finalizado,02/05/2026 12:46:58,,,02/05/2026 12:47:06,3,"1g x Produto Especial - Astronauta  (380,00 - 70,00)
1x Embalagem - Ziplock (0,00)
1x Embalagem - Sacola Plástico Branca (0,00)",70.0,,,310.0,310.0,110.37,199.63,Pix,,,
163,Finalizado,02/05/2026 08:56:49,,,02/05/2026 08:56:48,2.5,"0,5g x Produto Especial - Bom (400,00)
1x Embalagem - Ziplock (0,00)
1x Embalagem - Sacola Plástico Branca (0,00)",0.0,,,200.0,200.0,80.37,119.63,Pix,,,
162,Finalizado,02/05/2026 00:48:29,,,02/05/2026 00:30:33,7,"1g x Produto Especial - Bom (380,00)
1x Medidor 25g (0,00)
1x Kit sabonete shampoo (0,00)
1x Kit dental (0,00)
1x Embalagem - Sacola Plástico Branca (0,00)
1x Embalagem - Ziplock (0,00)
1x Vitamina C - Medley 1 comp - Grátis (0,00)",0.0,,,380.0,380.0,167.87,212.13,Pix,,,
161,Finalizado,02/05/2026 00:09:19,,,02/05/2026 00:09:17,9,"1x Embalagem - Sacola Plástico Branca (0,00)
1x Embalagem - Ziplock (0,00)
1x Kit dental (0,00)
1x Medidor 25g (0,00)
4x Conta-gotas 1ml (5,00)
1g x Produto Especial - Bom (380,00)",0.0,,,400.0,400.0,176.21,223.79,Cartão de Crédito,,,
160,Finalizado,01/05/2026 22:34:40,,,02/05/2026 00:23:23,7,"0,5g x Produto Especial - Bom (380,00)
0,5g x Produto Especial - Modelo Mascara (380,00)
1x Kit dental (0,00)
1x Embalagem - Sacola Plástico Branca (0,00)
2x Embalagem - Ziplock (0,00)
1x Vitamina C - Medley 1 comp - Grátis (0,00)
1x Kit sabonete shampoo (0,00)",0.0,,,380.0,380.0,143.25,236.75,Pix,,,
159,Finalizado,01/05/2026 22:10:35,,,01/05/2026 22:10:45,3,"1g x Produto Especial - Bom (380,00)
1x Embalagem - Ziplock (0,00)
1x Isqueiro Grande (50,00)",0.0,,,430.0,430.0,180.72,249.28,Pix,,,
158,Finalizado,01/05/2026 21:35:10,,,01/05/2026 23:02:24,6.5,"3g x Produto Especial - Astronauta  (380,00 - 80,00)
1x Medidor 200ml (50,00)
1x Caneta 15cm (40,00)
1x Cartucho Refil (40,00)
0,5g x Produto Especial - Bom (380,00 - 80,00)",160.0,,,1180.0,1180.0,447.65,732.35,"Pix, Fiado",,,
157,Finalizado,01/05/2026 15:01:34,,,01/05/2026 15:01:32,6,"1g x Produto Especial - Bom (380,00)
2x Embalagem - Ziplock (0,00)
1x Bolinho bauducco (0,00)
1x Embalagem - Sacola Plástico Branca (0,00)
1x Medidor 25g (0,00)",0.0,,,380.0,380.0,177.72000000000003,202.27999999999997,Pix,,,
156,Finalizado,01/05/2026 12:20:21,,,01/05/2026 12:20:20,2.5,"0,5g x Produto Especial - Bom (400,00)
1x Embalagem - Ziplock (0,00)
1x Embalagem - Sacola Plástico Branca (0,00)",0.0,,,200.0,200.0,85.37,114.63,Pix,,,
155,Finalizado,01/05/2026 11:33:01,,,01/05/2026 11:33:00,3,"2x Embalagem - Ziplock (0,00)
0,5g x Produto Especial - Bom (380,00)
0,5g x Produto Especial - Modelo Mascara (380,00)",0.0,,,380.0,380.0,145.74,234.26,Dinheiro,,,
154,Finalizado,01/05/2026 09:00:17,,,01/05/2026 09:00:15,8,"2x Kit dental (0,00)
0,5g x Produto Especial - Bom (380,00)
0,5g x Produto Especial - Modelo Mascara (380,00)
1x Kit sabonete shampoo (0,00)
1x Hidratante (80,00)
1x Medidor 25g (0,00)
1x Sabonete - Lux botânicos (0,00)
1x Vitamina D - Medley 20mg 4 comp (0,00)",10.0,,,450.0,450.0,166.28,283.72,Pix,,,
153,Finalizado,01/05/2026 07:04:12,,,01/05/2026 01:22:06,8.4,"0,7g x Produto Especial - Bom (380,00)
0,7g x Produto Especial - Modelo Mascara (380,00)
1x Embalagem - Sacola Plástico Branca (0,00)
2x Embalagem - Ziplock (0,00)
1x Hidratante (80,00)
1x Medidor 25g (0,00)
1x Kit sabonete shampoo (0,00)
1x Kit dental (0,00)",232.0,,,380.0,380.0,221.24,158.76,Pix,,,
152,Finalizado,30/04/2026 22:23:20,,,30/04/2026 22:23:19,3,"1g x Produto Especial - Bom (380,00)
1x Hidratante (80,00)
1x Caneta 15cm (40,00)",10.0,,,490.0,490.0,194.4,295.6,Pix,,,
151,Finalizado,30/04/2026 21:50:52,,,30/04/2026 21:50:50,3.5,"0,5g x Produto Especial - Bom (400,00)
1x Embalagem - Sacola Plástico Branca (0,00)
1x Embalagem - Ziplock (0,00)
1x Medidor 25g (0,00)",0.0,,,200.0,200.0,90.36,109.64,Cartão de Crédito,,,
150,Finalizado,30/04/2026 21:45:10,,,30/04/2026 21:05:38,5.5,"0,5g x Produto Especial - Bom (400,00)
1x Hidratante (80,00 - 80,00)
1x Embalagem - Ziplock (0,00)
1x Embalagem - Sacola Plástico Branca (0,00)
1x Vitamina C - Prati 4 comp - Grátis (0,00)
1x Sabonete - Lux botânicos (0,00)",80.0,,,200.0,200.0,102.85000000000001,97.14999999999999,Pix,,,
149,Finalizado,30/04/2026 20:18:37,,,30/04/2026 19:25:29,9.5,"0,5g x Produto Especial - Modelo Mascara (380,00)
0,5g x Produto Especial - Bom (380,00)
4x Bolinho bauducco (0,00)
1x Embalagem - Sacola Plástico Branca (0,00)
2x Embalagem - Ziplock (0,00)
0,5g x Produto Especial - Astronauta  (380,00 - 380,00)
1x Hidratante (80,00)",390.0,,,450.0,450.0,218.70000000000002,231.3,"Fiado, Pix",,,
148,Finalizado,30/04/2026 19:13:37,,,30/04/2026 19:13:36,4.5,"0,5g x Produto Especial - Modelo Mascara (400,00)
2x Bolinho bauducco (0,00)
1x Embalagem - Sacola Plástico Branca (0,00)
1x Embalagem - Ziplock (0,00)",0.0,,,200.0,200.0,64.35,135.65,Dinheiro,,,
147,Finalizado,30/04/2026 18:45:23,,,30/04/2026 18:45:22,4.5,"0,5g x Produto Especial - Modelo Mascara (400,00)
1x Embalagem - Sacola Plástico Branca (0,00)
1x Embalagem - Ziplock (0,00)
2x Bolinho bauducco (0,00)",0.0,,,200.0,200.0,64.35,135.65,Pix,,,
146,Finalizado,30/04/2026 18:40:27,,,30/04/2026 18:40:26,2.5,"0,5g x Produto Especial - Modelo Mascara (400,00)
1x Embalagem - Sacola Plástico Branca (0,00)
1x Embalagem - Ziplock (0,00)",0.0,,,200.0,200.0,60.37,139.63,Pix,,,
145,Finalizado,30/04/2026 17:03:13,,,30/04/2026 17:03:12,3,"0,5g x Produto Especial - Bom (380,00)
0,5g x Produto Especial - Modelo Mascara (380,00)
2x Embalagem - Ziplock (0,00)",0.0,,,380.0,380.0,145.74,234.26,Pix,,,
144,Finalizado,30/04/2026 17:02:16,,,30/04/2026 17:02:15,3,"0,5g x Produto Especial - Modelo Mascara (380,00)
0,5g x Produto Especial - Bom (380,00)
2x Embalagem - Ziplock (0,00)",0.0,,,380.0,380.0,145.74,234.26,Pix,,,
129,Finalizado,29/04/2026 22:51:40,,,29/04/2026 08:36:41,8,"3g x Produto Especial - Astronauta  (380,00)
1x Embalagem - Sacola Plástico Branca (0,00)
1x Embalagem - Ziplock (0,00)
1x Sabonete - Nível creme care (0,00)
1x Vitamina D - Prati 4 comp (0,00)
1x Vitamina C - Prati 4 comp - Grátis (0,00)",140.0,,,1000.0,1000.0,342.25,657.75,Pix,,,
140,Finalizado,29/04/2026 22:25:09,,,29/04/2026 22:25:23,2.5,"0,5g x Produto Especial - Bom (400,00)
1x Embalagem - Sacola Plástico Branca (0,00)
1x Embalagem - Ziplock (0,00)",0.0,,,200.0,200.0,85.37,114.63,Pix,,,
141,Finalizado,29/04/2026 22:24:47,,,30/04/2026 19:22:57,1.8,"0,8g x Produto Especial - Bom (380,00)
1x Embalagem - Ziplock (0,00)",104.0,,,200.0,200.0,136.37,63.63,Pix,,,
143,Finalizado,29/04/2026 22:23:39,,,29/04/2026 22:26:03,3.5,"1x Embalagem - Sacola Plástico Branca (0,00)
1x Embalagem - Ziplock (0,00)
1x Vitamina D - Prati 4 comp (0,00)
0,5g x Produto Especial - Bom (400,00)",0.0,,,200.0,200.0,92.96,107.04,Pix,,,
142,Finalizado,29/04/2026 22:10:42,,,29/04/2026 22:10:41,1.375,"0,38g x Produto Especial - Bom (400,00)
1x Embalagem - Ziplock (0,00)",0.0,,,150.0,150.0,64.12,85.88,Dinheiro,,,
139,Finalizado,29/04/2026 19:05:18,,,29/04/2026 19:05:17,1.5,"0,5g x Produto Especial - Bom (400,00)
1x Embalagem - Ziplock (0,00)",0.0,,,200.0,200.0,85.37,114.63,Pix,,,
138,Finalizado,29/04/2026 19:00:43,,,29/04/2026 19:00:42,3,"2x Embalagem - Ziplock (0,00)
0,5g x Produto Especial - Bom (380,00)
0,5g x Produto Especial - Astronauta  (380,00)",0.0,31.5,,411.5,411.5,140.74,239.26,Fiado,,,
137,Finalizado,29/04/2026 18:49:43,,,29/04/2026 18:49:41,6,"1g x Produto Especial - Bom (380,00)
1x Embalagem - Ziplock (0,00)
2x Embalagem - Sacola Plástico Branca (0,00)
1x Vitamina C - Prati 4 comp - Grátis (0,00)
1x Sabonete - Nivea lavanda (0,00)",0.0,,,380.0,380.0,174.66,205.34,Pix,,,
135,Finalizado,29/04/2026 17:58:43,,,29/04/2026 17:58:41,1.5,"0,5g x Produto Especial - Bom (400,00)
1x Embalagem - Ziplock (0,00)",0.0,,,200.0,200.0,85.37,114.63,"Dinheiro, Pix",,,
134,Finalizado,29/04/2026 16:17:40,,,29/04/2026 16:17:39,3.5,"0,32g x Produto Especial - Bom (400,00)
0,18g x Produto Especial - Astronauta  (400,00)
1x Embalagem - Ziplock (0,00)
2x Embalagem - Sacola Plástico Branca (0,00)",0.0,,,200.0,200.0,74.57000000000001,125.42999999999999,Pix,,,
133,Finalizado,29/04/2026 16:15:14,,,29/04/2026 16:15:13,1.5,"0,5g x Produto Especial - Astronauta  (400,00)
1x Embalagem - Ziplock (0,00)",0.0,,,200.0,200.0,55.37,144.63,"Dinheiro, Fiado",,,
132,Finalizado,29/04/2026 14:37:43,,,29/04/2026 14:37:42,1.5,"0,5g x Produto Especial - Bom (400,00)
1x Caneta 15cm (40,00)",0.0,,,240.0,240.0,99.4,140.6,Fiado,,,
131,Finalizado,29/04/2026 14:35:53,,,29/04/2026 14:13:56,3.5,"1x Embalagem - Sacola Plástico Branca (0,00)
1x Embalagem - Ziplock (0,00)
0,5g x Produto Especial - Bom (400,00)
1x Vitamina C - Medley 1 comp - Grátis (0,00)",0.0,,,200.0,200.0,60.37,139.63,Pix,,,
130,Finalizado,29/04/2026 03:25:01,,,29/04/2026 03:25:00,1.5,"1x Embalagem - Ziplock (0,00)
0,5g x Produto Especial - Astronauta  (380,00)",40.0,,,150.0,150.0,55.37,94.63,Pix,,,
128,Finalizado,28/04/2026 22:52:15,,,28/04/2026 22:57:00,2,"1g x Produto Especial - Astronauta  (380,00)
1x Caneta 15cm (50,00)",0.0,,,430.0,430.0,124.4,305.6,"Dinheiro, Pix",,,
127,Finalizado,28/04/2026 21:17:21,,,28/04/2026 21:17:20,4,"1x Embalagem - Sacola Plástico Branca (0,00)
1x Embalagem - Ziplock (0,00)
1x Vitamina C - Prati 4 comp - Grátis (0,00)
1g x Produto Especial - Astronauta  (380,00)",0.0,,,380.0,380.0,114.66,265.34000000000003,Pix,,,
126,Finalizado,28/04/2026 17:05:34,,,28/04/2026 16:38:33,4.5,"1x Embalagem - Sacola Plástico Branca (0,00)
1x Embalagem - Ziplock (0,00)
0,5g x Produto Especial - Astronauta  (400,00)
1x Vitamina C - Medley 1 comp - Grátis (0,00)
1x Creme dental - Close-up mental 70g (0,00)",0.0,,,200.0,200.0,62.739999999999995,137.26,Dinheiro,,,
125,Finalizado,28/04/2026 15:56:44,,,28/04/2026 15:56:42,5,"1x Embalagem - Sacola Plástico Branca (0,00)
1x Embalagem - Ziplock (0,00)
1g x Produto Especial - Modelo Astronauta  (380,00)
1x Vitamina D - Medley 20mg 4 comp (0,00)
1x Sabonete - Nivea lavanda (0,00)",0.0,,,380.0,380.0,121.15,258.85,Cartão de Crédito,,,
123,Finalizado,28/04/2026 15:42:30,,,28/04/2026 15:59:58,3.5,"0,5g x Produto Especial - Modelo Astronauta  (400,00)
1x Sabonete - Lux botânicos (0,00)
1x Vitamina C - Prati 4 comp - Grátis (0,00)
1x Embalagem - Ziplock (0,00)",0.0,,,200.0,200.0,62.23,137.77,Dinheiro,,,
124,Finalizado,28/04/2026 15:42:04,,,28/04/2026 15:27:55,2,"1g x Produto Especial - Modelo Astronauta  (380,00)
1x Embalagem - Ziplock (0,00)",0.0,,,380.0,380.0,110.37,269.63,Pix,,,
122,Finalizado,27/04/2026 21:29:52,,,27/04/2026 21:29:50,1,"1g x Produto Especial - Modelo Astronauta  (400,00)",0.0,,,400.0,400.0,110.0,290,Fiado,,,
121,Finalizado,27/04/2026 21:07:32,,,27/04/2026 21:07:30,1.5,"1g x Produto Especial - Modelo Hidratantena (380,00)
0,5g x Produto Especial - Modelo Astronauta  (380,00)",70.0,,,500.0,500.0,220.0,280,Pix,,,
120,Finalizado,27/04/2026 21:06:21,,,27/04/2026 21:06:20,0.5,"0,5g x Produto Especial - Modelo Astronauta  (380,00)",0.0,,,190.0,190.0,55.0,135,Pix,,,
119,Finalizado,27/04/2026 21:05:33,,,27/04/2026 21:05:32,1,"1g x Produto Especial - Modelo Astronauta  (380,00)",0.0,,,380.0,380.0,110.0,270,Cartão de Crédito,,,
118,Finalizado,27/04/2026 18:46:35,,,27/04/2026 21:08:26,1,"1x Caneta 15cm (40,00)",0.0,,,40.0,40.0,14.4,25.6,Fiado,,,
117,Finalizado,27/04/2026 17:04:47,,,27/04/2026 17:04:45,0.5,"0,5g x Produto Especial - Modelo Hidratantena (400,00)",0.0,,,200.0,200.0,82.5,117.5,Dinheiro,,,
116,Finalizado,27/04/2026 16:04:35,,,27/04/2026 16:04:34,0.5,"0,5g x Produto Especial - Modelo Astronauta  (400,00)",0.0,,,200.0,200.0,55.0,145,Pix,,,
115,Finalizado,27/04/2026 16:03:22,,,27/04/2026 16:03:21,1,"1g x Produto Especial - Modelo Astronauta  (380,00)",0.0,,,380.0,380.0,110.0,270,Pix,,,
114,Finalizado,27/04/2026 14:51:14,,,27/04/2026 14:51:13,2,"1x Caneta 15cm (40,00)
1g x Produto Especial - Modelo Hidratantena (380,00)",0.0,,,420.0,420.0,179.4,240.6,Cartão de Crédito,,,
113,Finalizado,27/04/2026 14:06:04,,,27/04/2026 14:06:03,1.5,"1,5g x Produto Especial - Modelo Hidratantena (380,00)",70.0,,,500.0,500.0,247.5,252.5,Pix,,,
112,Finalizado,27/04/2026 13:18:50,,,27/04/2026 13:18:48,0.5,"0,5g x Produto Especial - Modelo Hidratantena (200,00)",0.0,,,100.0,100.0,82.5,17.5,Pix,,,
111,Finalizado,27/04/2026 11:49:07,,,27/04/2026 11:49:06,1,"1g x Produto Especial - Modelo Astronauta  (380,00 - 160,00)",160.0,,,220.0,220.0,110.0,110,Cartão de Crédito,,,
110,Finalizado,27/04/2026 07:21:25,,,27/04/2026 07:21:24,1,"1g x Produto Especial - Modelo Astronauta  (380,00)",0.0,,,380.0,380.0,110.0,270,Pix,,,
109,Finalizado,27/04/2026 04:37:18,,,27/04/2026 04:40:48,1,"1g x Produto Especial - Modelo Astronauta  (380,00 - 80,00)",80.0,,,300.0,300.0,110.0,190,"Fiado, Pix",,,
59,Finalizado,27/04/2026 02:16:44,,,27/04/2026 02:16:42,1,"1g x Produto Especial - Modelo Astronauta  (380,00)",30.0,,,350.0,350.0,110.0,240,Pix,,,
58,Finalizado,27/04/2026 01:51:09,,,27/04/2026 01:51:08,0.5,"0,5g x Produto Especial - Modelo Astronauta  (400,00)",0.0,,,200.0,200.0,55.0,145,"Dinheiro, Pix",,,
47,Finalizado,26/04/2026 23:44:25,,,26/04/2026 23:44:23,0.5,"0,5g x Produto Especial - Modelo Astronauta  (400,00)",0.0,,,200.0,200.0,55.0,145,Pix,,,
45,Finalizado,26/04/2026 23:41:46,,,26/04/2026 23:42:13,0.5,"0,5g x Produto Especial - Modelo Astronauta  (400,00)",0.0,,,200.0,200.0,55.0,145,"Pix, Dinheiro",,,
43,Finalizado,26/04/2026 23:36:49,,,26/04/2026 23:36:47,2,"2g x Produto Especial - Modelo Astronauta  (380,00)",0.0,,,760.0,760.0,220.0,540,Cartão de Crédito,,,
42,Finalizado,26/04/2026 23:35:58,,,26/04/2026 23:35:57,0.5,"0,5g x Produto Especial - Modelo Astronauta  (400,00)",0.0,,,200.0,200.0,55.0,145,Pix,,,
41,Finalizado,26/04/2026 23:32:37,,,26/04/2026 23:32:35,2,"1g x Produto Especial - Modelo Hidratantena (380,00)
1x Hidratante (80,00)",10.0,,,450.0,450.0,175.0,275,Pix,,,
40,Finalizado,26/04/2026 23:27:44,,,26/04/2026 23:27:43,0.5,"0,5g x Produto Especial - Modelo Astronauta  (400,00)",0.0,,,200.0,200.0,55.0,145,Pix,,,
39,Finalizado,26/04/2026 23:26:47,,,26/04/2026 23:26:46,0.5,"0,5g x Produto Especial - Modelo Astronauta  (400,00)",0.0,,,200.0,200.0,55.0,145,Pix,,,
38,Finalizado,26/04/2026 23:25:42,,,26/04/2026 23:25:41,1,"1g x Produto Especial - Modelo Astronauta  (380,00)",0.0,,,380.0,380.0,110.0,270,Pix,,,
37,Finalizado,26/04/2026 23:19:41,,,26/04/2026 23:19:40,0.5,"0,5g x Produto Especial - Modelo Astronauta  (400,00)",0.0,,,200.0,200.0,55.0,145,Pix,,,
11,Finalizado,26/04/2026 20:59:44,,,26/04/2026 21:00:11,1.5,"0,5g x Produto Especial - Modelo Caneta (400,00)
1x Hidratante (80,00)",0.0,,,280.0,280.0,92.5,187.5,Pix,,,
46,Finalizado,26/04/2026 04:41:07,,,27/04/2026 04:41:27,0.6,"0,6g x Produto Especial - Modelo Astronauta  (380,00)",78.0,,,150.0,150.0,66.0,84,Fiado,,,
107,Finalizado,25/04/2026 03:50:36,25/04/2026 03:50:00,25/04/2026 03:50:00,27/04/2026 03:51:46,0.5,"0,5g x Produto Especial - Modelo Astronauta  (400,00)",0.0,,,200.0,200.0,55.0,145,Pix,,,
106,Finalizado,25/04/2026 03:49:45,25/04/2026 03:49:00,25/04/2026 03:49:00,27/04/2026 03:51:46,0.5,"0,5g x Produto Especial - Modelo Astronauta  (400,00)",0.0,,,200.0,200.0,55.0,145,Pix,,,
105,Finalizado,25/04/2026 03:49:06,25/04/2026 03:49:00,25/04/2026 03:49:00,27/04/2026 03:51:46,1,"1g x Produto Especial - Modelo Astronauta  (380,00)",0.0,,,380.0,380.0,110.0,270,Pix,,,
104,Finalizado,25/04/2026 03:48:30,25/04/2026 03:48:00,25/04/2026 03:48:00,27/04/2026 03:51:46,0.5,"0,5g x Produto Especial - Modelo Astronauta  (400,00)",0.0,,,200.0,200.0,55.0,145,Pix,,,
103,Finalizado,25/04/2026 03:47:57,25/04/2026 03:47:00,25/04/2026 03:47:00,27/04/2026 03:51:46,0.5,"0,5g x Produto Especial - Modelo Astronauta  (400,00)",0.0,,,200.0,200.0,55.0,145,Pix,,,
102,Finalizado,25/04/2026 03:42:39,,25/04/2026 03:42:00,27/04/2026 03:51:46,1,"1g x Produto Especial - Modelo Astronauta  (380,00)",0.0,,,380.0,380.0,110.0,270,Pix,,,
101,Finalizado,24/04/2026 03:41:47,24/04/2026 03:41:00,24/04/2026 03:41:00,27/04/2026 03:51:10,1,"1g x Produto Especial - Modelo Astronauta  (380,00)",0.0,,,380.0,380.0,110.0,270,Pix,,,
100,Finalizado,24/04/2026 03:40:58,24/04/2026 03:40:00,24/04/2026 03:40:00,27/04/2026 03:51:10,1,"1g x Produto Especial - Modelo Astronauta  (380,00)",0.0,,,380.0,380.0,110.0,270,Pix,,,
99,Finalizado,24/04/2026 03:39:26,24/04/2026 03:39:00,24/04/2026 03:39:00,27/04/2026 03:51:10,1,"1x Hidratante (80,00)",0.0,,,80.0,80.0,10.0,70,Pix,,,
98,Finalizado,24/04/2026 03:38:32,24/04/2026 03:38:00,24/04/2026 03:36:00,27/04/2026 03:51:10,0.5,"0,5g x Produto Especial - Modelo Astronauta  (400,00)",0.0,,,200.0,200.0,55.0,145,Pix,,,
96,Finalizado,24/04/2026 03:35:27,24/04/2026 03:30:00,24/04/2026 03:30:00,27/04/2026 03:51:10,0.5,"0,5g x Produto Especial - Modelo Astronauta  (400,00)",0.0,,,200.0,200.0,55.0,145,Pix,,,
97,Finalizado,24/04/2026 03:34:52,24/04/2026 03:31:00,24/04/2026 03:31:00,27/04/2026 03:51:10,0.5,"0,5g x Produto Especial - Modelo Astronauta  (400,00)",0.0,,,200.0,200.0,55.0,145,Pix,,,
95,Finalizado,24/04/2026 03:29:44,24/04/2026 03:29:00,24/04/2026 03:29:00,27/04/2026 03:33:35,0.5,"0,5g x Produto Especial - Modelo Bom (400,00)",0.0,,,200.0,200.0,55.0,145,Pix,,,
94,Finalizado,24/04/2026 03:28:57,24/04/2026 03:28:00,24/04/2026 03:28:00,27/04/2026 03:33:35,1.5,"1,5g x Produto Especial - Modelo Bom (380,00)",0.0,10.0,,580.0,580.0,165.0,405,Pix,,,
93,Finalizado,24/04/2026 03:27:50,24/04/2026 03:27:00,24/04/2026 03:27:00,27/04/2026 03:33:35,1.5,"1x Caneta (50,00)
0,5g x Produto Especial - Modelo Bom (400,00)",0.0,,,250.0,250.0,75.0,175,Pix,,,
92,Finalizado,24/04/2026 03:26:04,24/04/2026 03:25:00,24/04/2026 03:25:00,27/04/2026 03:33:35,1,"1g x Produto Especial - Modelo Bom (380,00)",0.0,,,380.0,380.0,110.0,270,Pix,,,
91,Finalizado,23/04/2026 03:25:23,23/04/2026 03:25:00,23/04/2026 03:25:00,27/04/2026 03:32:30,0.5,"0,5g x Produto Especial - Modelo Bom (400,00)",0.0,,,200.0,200.0,55.0,145,Pix,,,
90,Finalizado,23/04/2026 03:24:50,23/04/2026 03:24:00,23/04/2026 03:24:00,27/04/2026 03:32:30,1,"1g x Produto Especial - Modelo Bom (380,00)",0.0,,,380.0,380.0,110.0,270,Pix,,,
89,Finalizado,23/04/2026 03:24:05,23/04/2026 03:24:00,23/04/2026 03:24:00,27/04/2026 03:32:30,1,"1g x Produto Especial - Modelo Bom (380,00)",0.0,,,380.0,380.0,110.0,270,Pix,,,
88,Finalizado,23/04/2026 03:23:10,23/04/2026 03:23:00,23/04/2026 03:23:00,27/04/2026 03:32:30,0.5,"0,5g x Produto Especial - Modelo Bom (400,00)",0.0,,,200.0,200.0,55.0,145,Pix,,,
87,Finalizado,23/04/2026 03:18:48,23/04/2026 03:18:00,23/04/2026 03:18:00,27/04/2026 03:21:52,2,"1g x Produto Especial - Modelo Bom (380,00)
1x Hidratante (80,00)",10.0,,,450.0,450.0,120.0,330,Pix,,,
86,Finalizado,22/04/2026 03:18:00,22/04/2026 03:17:00,22/04/2026 03:17:00,27/04/2026 03:20:49,0.93,"0,93g x Produto Especial - Modelo Bom (380,00)",3.4,,,350.0,350.0,102.30000000000001,247.7,Pix,,,
85,Finalizado,22/04/2026 03:16:52,22/04/2026 03:16:00,22/04/2026 03:16:00,27/04/2026 03:20:49,1,"1g x Produto Especial - Modelo Bom (380,00)",0.0,,,380.0,380.0,110.0,270,Pix,,,
84,Finalizado,22/04/2026 03:15:06,22/04/2026 03:15:00,22/04/2026 03:15:00,27/04/2026 03:20:49,2,"2g x Produto Especial - Modelo Bom (380,00)",0.0,,,760.0,760.0,220.0,540,Pix,,,
83,Finalizado,22/04/2026 03:14:34,22/04/2026 03:14:00,22/04/2026 03:13:00,27/04/2026 03:20:49,4,"4g x Produto Especial - Modelo Bom (380,00)",720.0,,,800.0,800.0,440.0,360,Pix,,,
82,Finalizado,22/04/2026 03:12:59,22/04/2026 03:12:00,22/04/2026 03:12:00,27/04/2026 03:20:49,1,"1g x Produto Especial - Modelo Bom (380,00)",0.0,,,380.0,380.0,110.0,270,Pix,,,
81,Finalizado,22/04/2026 03:09:50,22/04/2026 03:09:00,22/04/2026 03:09:00,27/04/2026 03:20:49,1,"1g x Produto Especial - Modelo Bom (380,00)",0.0,,,380.0,380.0,110.0,270,Pix,,,
80,Finalizado,22/04/2026 03:09:15,22/04/2026 03:09:00,22/04/2026 03:09:00,27/04/2026 03:20:49,2,"1g x Produto Especial - Modelo Bom (380,00)
1g x Produto Especial - Modelo Hidratantena (380,00)",360.0,,,400.0,400.0,275.0,125,Pix,,,
79,Finalizado,22/04/2026 03:05:27,22/04/2026 03:05:00,22/04/2026 03:05:00,27/04/2026 03:20:49,1,"1g x Produto Especial - Modelo Bom (380,00)",0.0,,,380.0,380.0,110.0,270,Pix,,,
78,Finalizado,22/04/2026 03:04:31,,,27/04/2026 03:20:49,1.1,"0,5g x Produto Especial - Modelo Bom (400,00)
0,6g x Produto Especial - Modelo Hidratantena (380,00)",28.0,,,400.0,400.0,154.0,246,Pix,,,
77,Finalizado,22/04/2026 03:02:02,22/04/2026 03:01:00,22/04/2026 03:01:00,27/04/2026 03:20:49,0.5,"0,5g x Produto Especial - Modelo Bom (400,00)",0.0,,,200.0,200.0,55.0,145,Pix,,,61 -> 77
66,Finalizado,21/04/2026 06:43:45,21/04/2026 02:35:00,21/04/2026 02:35:00,27/04/2026 03:19:58,2,"1x Hidratante (80,00)
1g x Produto Especial - Bom (380,00)",10.0,,,450.0,450.0,130.0,320,"Pix, Pix",,,
76,Finalizado,21/04/2026 02:52:24,21/04/2026 02:52:00,21/04/2026 02:52:00,27/04/2026 03:19:58,0.5,"0,5g x Produto Especial - Modelo Bom (400,00)",0.0,,,200.0,200.0,55.0,145,Pix,,,
75,Finalizado,21/04/2026 02:51:27,21/04/2026 02:51:00,21/04/2026 02:51:00,27/04/2026 03:19:58,1,"1g x Produto Especial - Modelo Bom (380,00)",0.0,,,380.0,380.0,110.0,270,Pix,,,
74,Finalizado,21/04/2026 02:50:26,21/04/2026 02:50:00,21/04/2026 02:49:00,27/04/2026 03:19:58,0.5,"0,5g x Produto Especial - Modelo Bom (400,00)",0.0,,,200.0,200.0,55.0,145,Pix,,,
73,Finalizado,21/04/2026 02:45:33,21/04/2026 02:45:00,21/04/2026 02:45:00,27/04/2026 22:59:27,0.5,"0,5g x Produto Especial - Modelo Bom (400,00)",0.0,,,200.0,200.0,55.0,145,Fiado,,,
72,Finalizado,21/04/2026 02:44:22,21/04/2026 02:44:00,21/04/2026 02:44:00,27/04/2026 03:19:58,0.5,"0,5g x Produto Especial - Modelo Bom (400,00)",0.0,,,200.0,200.0,55.0,145,Pix,,,
71,Finalizado,21/04/2026 02:41:18,21/04/2026 02:41:00,21/04/2026 02:41:00,27/04/2026 03:19:58,2,"2g x Produto Especial - Modelo Bom (380,00)",0.0,,,760.0,760.0,220.0,540,Pix,,,
70,Finalizado,21/04/2026 02:39:03,21/04/2026 02:39:00,21/04/2026 02:38:00,27/04/2026 03:19:58,0.5,"0,5g x Produto Especial - Modelo Bom (400,00)",0.0,,,200.0,200.0,55.0,145,Pix,,,
69,Finalizado,21/04/2026 02:38:09,,,27/04/2026 03:19:58,0.25,"0,25g x Produto Especial - Modelo Bom (400,00)",25.0,,,75.0,75.0,27.5,47.5,Pix,,,
68,Finalizado,21/04/2026 02:36:46,21/04/2026 02:36:00,21/04/2026 02:36:00,27/04/2026 03:19:58,1,"1x Hidratante (80,00)",0.0,,,80.0,80.0,10.0,70,Pix,,,
67,Finalizado,21/04/2026 02:36:14,21/04/2026 02:36:00,21/04/2026 02:36:00,27/04/2026 03:19:58,1,"1g x Produto Especial - Modelo Bom (380,00)",0.0,,,380.0,380.0,110.0,270,Pix,,,
65,Finalizado,21/04/2026 02:34:01,21/04/2026 02:33:00,21/04/2026 02:33:00,27/04/2026 03:19:58,0.5,"0,5g x Produto Especial - Modelo Bom (400,00)",0.0,,,200.0,200.0,55.0,145,Pix,,,
55,Finalizado,20/04/2026 23:57:22,20/04/2026 23:56:00,20/04/2026 23:56:00,27/04/2026 00:20:32,3,"3g x Produto Especial - Modelo Bom (380,00)",140.0,,,1000.0,1000.0,330.0,670,Pix,,,
64,Finalizado,20/04/2026 02:33:03,20/04/2026 02:32:00,20/04/2026 02:32:00,27/04/2026 03:19:23,0.5,"0,5g x Produto Especial - Modelo Bom (400,00)",0.0,,,200.0,200.0,55.0,145,Pix,,,
63,Finalizado,20/04/2026 02:31:53,20/04/2026 02:31:00,20/04/2026 02:31:00,27/04/2026 03:19:23,1,"1g x Produto Especial - Modelo Bom (380,00)",0.0,,,380.0,380.0,110.0,270,Pix,,,
62,Finalizado,20/04/2026 02:29:36,20/04/2026 02:29:00,20/04/2026 02:29:00,27/04/2026 03:19:23,1,"1g x Produto Especial - Modelo Bom (380,00)",0.0,,,380.0,380.0,110.0,270,Pix,,,
61,Finalizado,20/04/2026 02:28:48,,,27/04/2026 03:19:23,1,"1g x Produto Especial - Modelo Bom (380,00)",0.0,,,380.0,380.0,110.0,270,Pix,,,
54,Finalizado,20/04/2026 00:20:11,20/04/2026 23:53:00,20/04/2026 23:53:00,27/04/2026 00:20:32,0.5,"0,5g x Produto Especial - Modelo Hidratantena (400,00)",0.0,,,200.0,200.0,82.5,117.5,Pix,,,
57,Finalizado,20/04/2026 00:11:22,20/04/2026 00:11:00,20/04/2026 00:11:00,27/04/2026 03:19:23,1,"1g x Produto Especial - Modelo Bom (380,00)",0.0,,,380.0,380.0,110.0,270,Pix,,,
56,Finalizado,20/04/2026 00:10:03,20/04/2026 00:10:00,20/04/2026 00:09:00,27/04/2026 03:19:23,0.5,"0,5g x Produto Especial - Modelo Bom (400,00)",0.0,,,200.0,200.0,55.0,145,Pix,,,
53,Finalizado,19/04/2026 23:53:12,19/04/2026 23:53:00,19/04/2026 23:53:00,27/04/2026 00:18:22,0.5,"0,5g x Produto Especial - Modelo Bom (400,00)",0.0,,,200.0,200.0,55.0,145,Pix,,,
52,Finalizado,19/04/2026 23:52:20,19/04/2026 23:52:00,19/04/2026 23:52:00,27/04/2026 00:18:22,1,"1g x Produto Especial - Modelo Bom (380,00)",0.0,,,380.0,380.0,110.0,270,Pix,,,
51,Finalizado,19/04/2026 23:49:27,19/04/2026 23:49:00,19/04/2026 23:49:00,27/04/2026 00:18:22,0.5,"0,5g x Produto Especial - Modelo Astronauta  (400,00)",0.0,,,200.0,200.0,55.0,145,Pix,,,
50,Finalizado,19/04/2026 23:48:34,19/04/2026 23:48:00,19/04/2026 23:48:00,27/04/2026 00:18:22,0.5,"0,5g x Produto Especial - Modelo Astronauta  (380,00)",0.0,,,190.0,190.0,55.0,135,Pix,,,
49,Finalizado,19/04/2026 23:47:49,19/04/2026 23:47:00,19/04/2026 23:47:00,27/04/2026 00:18:22,3,"2g x Produto Especial - Modelo Bom (380,00)
1x Hidratante (80,00)",60.0,,,780.0,780.0,230.0,550,Pix,,,
48,Finalizado,19/04/2026 23:46:44,19/04/2026 23:46:00,19/04/2026 23:46:00,27/04/2026 00:18:22,1,"1g x Produto Especial - Modelo Bom (380,00)",0.0,,,380.0,380.0,110.0,270,Pix,,,
36,Finalizado,19/04/2026 23:45:56,19/04/2026 23:05:00,19/04/2026 23:05:00,27/04/2026 00:18:22,0.5,"0,5g x Produto Especial - Modelo Astronauta  (400,00)",0.0,,,200.0,200.0,55.0,145,Pix,,,
35,Finalizado,19/04/2026 22:57:56,19/04/2026 22:57:00,19/04/2026 22:57:00,27/04/2026 00:18:22,0.5,"0,5g x Produto Especial - Modelo Astronauta  (400,00)",0.0,,,200.0,200.0,55.0,145,Pix,,,
34,Finalizado,19/04/2026 22:57:00,19/04/2026 22:56:00,19/04/2026 22:56:00,27/04/2026 00:18:22,0.5,"0,5g x Produto Especial - Modelo Astronauta  (380,00)",40.0,,,150.0,150.0,55.0,95,Pix,,,
33,Finalizado,19/04/2026 22:55:18,19/04/2026 22:55:00,19/04/2026 22:55:00,27/04/2026 00:18:22,0.5,"0,5g x Produto Especial - Modelo Astronauta  (400,00)",0.0,,,200.0,200.0,55.0,145,Pix,,,
32,Finalizado,19/04/2026 22:23:49,19/04/2026 22:23:00,19/04/2026 22:23:00,27/04/2026 00:18:22,1,"1g x Produto Especial - Modelo Astronauta  (380,00)",0.0,,,380.0,380.0,110.0,270,Pix,,,
31,Finalizado,19/04/2026 22:23:18,19/04/2026 22:23:00,19/04/2026 22:23:00,27/04/2026 00:18:22,1,"1g x Produto Especial - Modelo Astronauta  (380,00)",0.0,,,380.0,380.0,110.0,270,Pix,,,
30,Finalizado,19/04/2026 22:22:32,19/04/2026 22:22:00,19/04/2026 22:22:00,27/04/2026 00:18:22,0.5,"0,5g x Produto Especial - Modelo Astronauta  (380,00)",60.0,,,130.0,130.0,55.0,75,Pix,,,
29,Finalizado,19/04/2026 22:21:32,19/04/2026 22:21:00,19/04/2026 22:21:00,27/04/2026 00:18:22,0.5,"0,5g x Produto Especial - Modelo Astronauta  (380,00)",0.0,,,190.0,190.0,55.0,135,Pix,,,
28,Finalizado,19/04/2026 22:20:39,19/04/2026 22:20:00,19/04/2026 22:20:00,27/04/2026 00:18:22,0.5,"0,5g x Produto Especial - Modelo Astronauta  (400,00)",0.0,,,200.0,200.0,55.0,145,Pix,,,
27,Finalizado,19/04/2026 22:19:23,19/04/2026 22:19:00,19/04/2026 22:19:00,27/04/2026 00:18:22,1,"1x Hidratante (80,00 - 20,00)",20.0,,,60.0,60.0,10.0,50,Pix,,,12 -> 27
26,Finalizado,19/04/2026 22:18:10,19/04/2026 22:18:00,19/04/2026 22:17:00,27/04/2026 00:18:22,1,"1g x Produto Especial - Modelo Astronauta  (400,00)",0.0,,,400.0,400.0,110.0,290,Pix,,,
25,Finalizado,19/04/2026 22:15:57,19/04/2026 22:15:00,19/04/2026 22:15:00,27/04/2026 00:18:22,1,"1g x Produto Especial - Modelo Astronauta  (380,00 - 30,00)",30.0,,,350.0,350.0,110.0,240,Pix,,,
24,Finalizado,19/04/2026 22:14:42,19/04/2026 22:14:00,19/04/2026 22:14:00,27/04/2026 00:18:22,1,"1g x Produto Especial - Modelo Astronauta  (380,00)",0.0,,,380.0,380.0,110.0,270,Pix,,,
19,Finalizado,18/04/2026 22:13:50,18/04/2026 22:07:00,18/04/2026 22:07:00,26/04/2026 22:16:33,0.5,"0,5g x Produto Especial - Modelo Astronauta  (400,00)",0.0,,,200.0,200.0,55.0,145,Pix,,,
23,Finalizado,18/04/2026 22:13:38,18/04/2026 22:13:00,18/04/2026 22:13:00,26/04/2026 22:16:33,2,"1g x Produto Especial - Modelo Astronauta  (380,00)
1x Hidratante (80,00)",100.0,,,360.0,360.0,120.0,240,Pix,,,
22,Finalizado,18/04/2026 22:12:39,18/04/2026 22:12:00,18/04/2026 22:12:00,26/04/2026 22:16:33,0.5,"0,5g x Produto Especial - Modelo Astronauta  (380,00)",90.0,,,100.0,100.0,55.0,45,Pix,,,
21,Finalizado,18/04/2026 22:11:25,18/04/2026 22:11:00,18/04/2026 22:11:00,26/04/2026 22:16:33,2,"1g x Produto Especial - Modelo Astronauta  (380,00)
1x Hidratante (80,00)",10.0,,,450.0,450.0,120.0,330,Pix,,,
20,Finalizado,18/04/2026 22:09:07,18/04/2026 22:09:00,18/04/2026 22:09:00,26/04/2026 22:16:33,0.5,"0,5g x Produto Especial - Modelo Astronauta  (400,00)",0.0,,,200.0,200.0,55.0,145,Pix,,,
18,Finalizado,18/04/2026 22:06:14,18/04/2026 22:06:00,18/04/2026 22:06:00,26/04/2026 22:16:33,1,"1g x Produto Especial - Modelo Astronauta  (380,00)",0.0,,,380.0,380.0,110.0,270,Pix,,,
17,Finalizado,18/04/2026 22:05:22,18/04/2026 22:05:00,18/04/2026 22:05:00,26/04/2026 22:16:33,2,"1g x Produto Especial - Modelo Astronauta  (380,00)
1x Hidratante (80,00)",10.0,,,450.0,450.0,120.0,330,Pix,,,
16,Finalizado,18/04/2026 21:57:36,,,26/04/2026 21:58:16,1.5,"1,5g x Produto Especial - Modelo Astronauta  (380,00)",0.0,,,570.0,569.9999999999999,165.0,405,Dinheiro,,,
15,Finalizado,17/04/2026 21:56:15,,,26/04/2026 21:58:16,0.92,"0,92g x Produto Especial - Modelo Astronauta  (380,00)",0.0,,,349.6,349.6,101.2,248.40000000000003,Dinheiro,,,
14,Finalizado,17/04/2026 21:54:08,,,26/04/2026 21:58:16,0.5,"0,5g x Produto Especial - Modelo Astronauta  (400,00)",0.0,,,200.0,200.0,55.0,145,Dinheiro,,,
13,Finalizado,17/04/2026 21:06:31,,,26/04/2026 21:06:50,1.5,"1,5g x Produto Especial - Modelo Astronauta  (380,00)",0.0,,,570.0,570.0,165.0,405,Pix,,,
12,Finalizado,17/04/2026 21:01:47,,,26/04/2026 21:02:04,2,"2g x Produto Especial - Modelo Astronauta  (380,00)",160.0,,,600.0,600.0,220.0,380,Pix,,,
10,Finalizado,17/04/2026 20:45:12,,,26/04/2026 20:45:55,0.5,"0,5g x Produto Especial - Modelo Astronauta  (400,00)",0.0,,,200.0,200.0,55.0,145,Dinheiro,,,
9,Finalizado,17/04/2026 20:44:08,,,26/04/2026 20:43:02,3,"3g x Produto Especial - Modelo Astronauta  (380,00)",140.0,,,1000.0,1000.0,330.0,670,Pix,,,
8,Finalizado,17/04/2026 20:39:40,,,26/04/2026 20:39:50,0.5,"0,5g x Produto Especial - Modelo Astronauta  (200,00)",0.0,,,100.0,100.0,55.0,45,Pix,,,
5,Finalizado,16/04/2026 20:32:28,,,26/04/2026 20:32:52,0.5,"0,5g x Produto Especial - Modelo Astronauta  (400,00)",0.0,,,200.0,200.0,55.0,145,Pix,,,
3,Finalizado,16/04/2026 20:30:17,,,26/04/2026 20:28:31,0.5,"0,5g x Produto Especial - Modelo Astronauta  (400,00)",0.0,,,200.0,200.0,55.0,145,Pix,,,
1,Finalizado,16/04/2026 20:30:01,,,26/04/2026 19:49:14,1,"1g x Produto Especial - Modelo Astronauta  (380,00)",0.0,,,380.0,380.0,110.0,270,Pix,,,
4,Finalizado,16/04/2026 20:29:42,,,26/04/2026 20:29:20,1,"1g x Produto Especial - Modelo Astronauta  (380,00)",0.0,,,380.0,380.0,110.0,270,Pix,,,
2,Finalizado,16/04/2026 20:26:44,,,26/04/2026 20:25:29,1,"1g x Produto Especial - Modelo Astronauta  (380,00)",0.0,,,380.0,380.0,110.0,270,Pix,,,
